DATE,AVGT
1991-05-01,11.1
1991-05-02,11.6
1991-05-03,13.2
1991-05-04,13.6
1991-05-05,16.1
1991-05-06,14.1
1991-05-07,14.4
1991-05-08,14.2
1991-05-09,17
1991-05-10,18.1
1991-05-11,18
1991-05-12,17
1991-05-13,17.1
1991-05-14,19.1
1991-05-15,18.3
1991-05-16,13.8
1991-05-17,16.4
1991-05-18,18.3
1991-05-19,21
1991-05-20,23.6
1991-05-21,23.1
1991-05-22,22.3
1991-05-23,25.5
1991-05-24,21
1991-05-25,16.7
1991-05-26,12.8
1991-05-27,16.9
1991-05-28,19
1991-05-29,19.4
1991-05-30,19.9
1991-05-31,20.5
1991-06-01,19.6
1991-06-02,21.4
1991-06-03,20.4
1991-06-04,20.1
1991-06-05,20.8
1991-06-06,22.3
1991-06-07,23.8
1991-06-08,24.6
1991-06-09,22.1
1991-06-10,22.3
1991-06-11,22.2
1991-06-12,21.2
1991-06-13,21
1991-06-14,23.5
1991-06-15,25.2
1991-06-16,24.4
1991-06-17,21.8
1991-06-18,22.7
1991-06-19,22.6
1991-06-20,21.4
1991-06-21,21.7
1991-06-22,22.6
1991-06-23,21.8
1991-06-24,22.7
1991-06-25,24.8
1991-06-26,23.1
1991-06-27,23.8
1991-06-28,25.7
1991-06-29,23.6
1991-06-30,23.7
1991-07-01,22.9
1991-07-02,24
1991-07-03,25.2
1991-07-04,26.2
1991-07-05,25.7
1991-07-06,24.9
1991-07-07,22
1991-07-08,21.8
1991-07-09,22.1
1991-07-10,23.3
1991-07-11,22.6
1991-07-12,24
1991-07-13,24.5
1991-07-14,25.2
1991-07-15,23.1
1991-07-16,23.4
1991-07-17,24.5
1991-07-18,25.7
1991-07-19,24.3
1991-07-20,24.6
1991-07-21,24.5
1991-07-22,25.9
1991-07-23,25
1991-07-24,24.3
1991-07-25,22
1991-07-26,23.6
1991-07-27,25.2
1991-07-28,27.1
1991-07-29,27
1991-07-30,24.7
1991-07-31,25.3
1991-08-01,27
1991-08-02,22.3
1991-08-03,24.4
1991-08-04,23.6
1991-08-05,24
1991-08-06,23.7
1991-08-07,23.4
1991-08-08,25.7
1991-08-09,23.2
1991-08-10,25.1
1991-08-11,25.8
1991-08-12,26.3
1991-08-13,27.1
1991-08-14,28.1
1991-08-15,28.6
1991-08-16,27.6
1991-08-17,27.3
1991-08-18,27.3
1991-08-19,27
1991-08-20,29.1
1991-08-21,27.9
1991-08-22,25.8
1991-08-23,22.5
1991-08-24,25.2
1991-08-25,26.3
1991-08-26,25.7
1991-08-27,23
1991-08-28,23.2
1991-08-29,25.1
1991-08-30,24.4
1991-08-31,24.3
1991-09-01,25.5
1991-09-02,25.7
1991-09-03,22.6
1991-09-04,21
1991-09-05,22
1991-09-06,21.7
1991-09-07,23.5
1991-09-08,24.8
1991-09-09,24.9
1991-09-10,23.9
1991-09-11,22.5
1991-09-12,21.2
1991-09-13,22
1991-09-14,22.7
1991-09-15,21.7
1991-09-16,21.8
1991-09-17,21.2
1991-09-18,22.8
1991-09-19,21.5
1991-09-20,17.5
1991-09-21,19.3
1991-09-22,19.8
1991-09-23,19.1
1991-09-24,19.8
1991-09-25,19.5
1991-09-26,18.6
1991-09-27,17.9
1991-09-28,16.7
1991-09-29,16.1
1991-09-30,15.7
1992-05-01,12.1
1992-05-02,13.9
1992-05-03,14.9
1992-05-04,18.4
1992-05-05,20.2
1992-05-06,15.2
1992-05-07,14.8
1992-05-08,14.5
1992-05-09,14.6
1992-05-10,16.2
1992-05-11,17.6
1992-05-12,17.8
1992-05-13,13.5
1992-05-14,17
1992-05-15,17.3
1992-05-16,14.7
1992-05-17,14.3
1992-05-18,15.5
1992-05-19,16.8
1992-05-20,18.5
1992-05-21,19
1992-05-22,19.4
1992-05-23,17
1992-05-24,14.4
1992-05-25,11.7
1992-05-26,13
1992-05-27,16.3
1992-05-28,16.9
1992-05-29,18.8
1992-05-30,22.8
1992-05-31,21.6
1992-06-01,22
1992-06-02,23.1
1992-06-03,21.4
1992-06-04,18.9
1992-06-05,21
1992-06-06,20.7
1992-06-07,16.3
1992-06-08,17.1
1992-06-09,19.2
1992-06-10,16.9
1992-06-11,17.1
1992-06-12,18.8
1992-06-13,19.7
1992-06-14,21.1
1992-06-15,23
1992-06-16,23.5
1992-06-17,20.8
1992-06-18,20.4
1992-06-19,20.1
1992-06-20,21.2
1992-06-21,20.7
1992-06-22,22.2
1992-06-23,21.8
1992-06-24,21.2
1992-06-25,21.7
1992-06-26,22.6
1992-06-27,24
1992-06-28,23.3
1992-06-29,23.3
1992-06-30,22.4
1992-07-01,23.3
1992-07-02,22.6
1992-07-03,21.4
1992-07-04,23.9
1992-07-05,25.2
1992-07-06,26.7
1992-07-07,25.6
1992-07-08,26
1992-07-09,25.5
1992-07-10,22.1
1992-07-11,21.4
1992-07-12,23.3
1992-07-13,24.3
1992-07-14,23.5
1992-07-15,23.4
1992-07-16,24.3
1992-07-17,21.5
1992-07-18,24
1992-07-19,26.7
1992-07-20,26.5
1992-07-21,26.8
1992-07-22,25.3
1992-07-23,26.2
1992-07-24,26.9
1992-07-25,26.3
1992-07-26,26.8
1992-07-27,25.4
1992-07-28,26.6
1992-07-29,27.4
1992-07-30,25.6
1992-07-31,25.5
1992-08-01,27.2
1992-08-02,26.6
1992-08-03,26
1992-08-04,24.8
1992-08-05,24.5
1992-08-06,24.2
1992-08-07,21.3
1992-08-08,24.5
1992-08-09,25.5
1992-08-10,25.3
1992-08-11,25.3
1992-08-12,23.5
1992-08-13,25.3
1992-08-14,21.2
1992-08-15,21
1992-08-16,24
1992-08-17,22.1
1992-08-18,25
1992-08-19,25.5
1992-08-20,25.9
1992-08-21,26
1992-08-22,25.6
1992-08-23,24.8
1992-08-24,24.6
1992-08-25,24.5
1992-08-26,25.5
1992-08-27,22.2
1992-08-28,23.2
1992-08-29,27.6
1992-08-30,28.4
1992-08-31,27.5
1992-09-01,25.2
1992-09-02,25.2
1992-09-03,25.1
1992-09-04,24.8
1992-09-05,25.2
1992-09-06,25.2
1992-09-07,22.7
1992-09-08,22.5
1992-09-09,20.5
1992-09-10,21.1
1992-09-11,21.2
1992-09-12,20.3
1992-09-13,19.9
1992-09-14,22
1992-09-15,21.5
1992-09-16,20.7
1992-09-17,19.6
1992-09-18,20.7
1992-09-19,20
1992-09-20,20
1992-09-21,20.8
1992-09-22,20.5
1992-09-23,21.1
1992-09-24,20.4
1992-09-25,19
1992-09-26,16.8
1992-09-27,15.8
1992-09-28,15.1
1992-09-29,16.4
1992-09-30,16.2
1993-05-01,15.4
1993-05-02,13.1
1993-05-03,14.7
1993-05-04,16.9
1993-05-05,17.6
1993-05-06,19.4
1993-05-07,20
1993-05-08,17
1993-05-09,16.3
1993-05-10,17.3
1993-05-11,17.8
1993-05-12,18.5
1993-05-13,14.3
1993-05-14,16.8
1993-05-15,18.9
1993-05-16,17.7
1993-05-17,14.5
1993-05-18,16.5
1993-05-19,18.3
1993-05-20,21
1993-05-21,18.3
1993-05-22,19.1
1993-05-23,19
1993-05-24,19.6
1993-05-25,15.7
1993-05-26,17.8
1993-05-27,20.4
1993-05-28,21.5
1993-05-29,24.5
1993-05-30,23.3
1993-05-31,24.4
1993-06-01,24.7
1993-06-02,16.1
1993-06-03,16
1993-06-04,18.8
1993-06-05,20.6
1993-06-06,20.5
1993-06-07,22.4
1993-06-08,22.7
1993-06-09,20.3
1993-06-10,19.6
1993-06-11,21.3
1993-06-12,21.8
1993-06-13,21.3
1993-06-14,21.4
1993-06-15,22.8
1993-06-16,24.4
1993-06-17,22.2
1993-06-18,22.3
1993-06-19,21.4
1993-06-20,20.1
1993-06-21,22.1
1993-06-22,23.2
1993-06-23,22.5
1993-06-24,22.5
1993-06-25,23.2
1993-06-26,24
1993-06-27,22.9
1993-06-28,20.4
1993-06-29,19.2
1993-06-30,18.1
1993-07-01,21.8
1993-07-02,24
1993-07-03,23.1
1993-07-04,25
1993-07-05,26.6
1993-07-06,24.5
1993-07-07,24.8
1993-07-08,22.3
1993-07-09,23.5
1993-07-10,25.1
1993-07-11,23
1993-07-12,22.8
1993-07-13,22.8
1993-07-14,25.4
1993-07-15,24.2
1993-07-16,23.9
1993-07-17,18.9
1993-07-18,22.3
1993-07-19,22.7
1993-07-20,22.6
1993-07-21,22.5
1993-07-22,22.9
1993-07-23,23.3
1993-07-24,21.8
1993-07-25,21.5
1993-07-26,21.8
1993-07-27,23.6
1993-07-28,25.3
1993-07-29,21.9
1993-07-30,23.4
1993-07-31,25
1993-08-01,24.8
1993-08-02,22.5
1993-08-03,22.4
1993-08-04,23.7
1993-08-05,23.4
1993-08-06,22.6
1993-08-07,22.7
1993-08-08,22.9
1993-08-09,25.5
1993-08-10,23.2
1993-08-11,25
1993-08-12,24.9
1993-08-13,22.4
1993-08-14,24.4
1993-08-15,22.4
1993-08-16,20.9
1993-08-17,22.8
1993-08-18,22.8
1993-08-19,23.6
1993-08-20,22.9
1993-08-21,19.5
1993-08-22,22.7
1993-08-23,23.9
1993-08-24,23.5
1993-08-25,24.9
1993-08-26,23.5
1993-08-27,23.8
1993-08-28,22.9
1993-08-29,21.8
1993-08-30,22.5
1993-08-31,23.1
1993-09-01,24.6
1993-09-02,24.2
1993-09-03,22.9
1993-09-04,22.1
1993-09-05,22.6
1993-09-06,23.9
1993-09-07,23.3
1993-09-08,23.1
1993-09-09,22.6
1993-09-10,22.4
1993-09-11,22.5
1993-09-12,21.2
1993-09-13,21.3
1993-09-14,21.9
1993-09-15,22.7
1993-09-16,23.6
1993-09-17,20.5
1993-09-18,22
1993-09-19,21
1993-09-20,22.5
1993-09-21,21.4
1993-09-22,21.2
1993-09-23,19
1993-09-24,17.9
1993-09-25,18.2
1993-09-26,18.6
1993-09-27,18.6
1993-09-28,18.7
1993-09-29,16.2
1993-09-30,14.8
1994-05-01,20.2
1994-05-02,22.5
1994-05-03,17.3
1994-05-04,10.9
1994-05-05,10.8
1994-05-06,14.9
1994-05-07,17.6
1994-05-08,17.1
1994-05-09,19.6
1994-05-10,19.7
1994-05-11,20.2
1994-05-12,20.3
1994-05-13,20.2
1994-05-14,16.5
1994-05-15,14.5
1994-05-16,14.8
1994-05-17,15.6
1994-05-18,15.5
1994-05-19,15.1
1994-05-20,18.1
1994-05-21,17.5
1994-05-22,19.4
1994-05-23,20.9
1994-05-24,20
1994-05-25,19.7
1994-05-26,21.5
1994-05-27,17.2
1994-05-28,18.8
1994-05-29,19
1994-05-30,18.6
1994-05-31,19.7
1994-06-01,20.4
1994-06-02,21
1994-06-03,21.1
1994-06-04,21.7
1994-06-05,22.3
1994-06-06,22.7
1994-06-07,22.8
1994-06-08,21.3
1994-06-09,21.1
1994-06-10,20.9
1994-06-11,22.1
1994-06-12,23.1
1994-06-13,25.3
1994-06-14,25.7
1994-06-15,25.5
1994-06-16,26.4
1994-06-17,27.4
1994-06-18,23.2
1994-06-19,20.3
1994-06-20,20.5
1994-06-21,21.8
1994-06-22,21.7
1994-06-23,19.7
1994-06-24,22.3
1994-06-25,22.6
1994-06-26,23.4
1994-06-27,24.6
1994-06-28,25
1994-06-29,23.9
1994-06-30,22.7
1994-07-01,22.3
1994-07-02,25.1
1994-07-03,25.8
1994-07-04,26.1
1994-07-05,23.8
1994-07-06,24.9
1994-07-07,24.7
1994-07-08,26.5
1994-07-09,28.3
1994-07-10,26
1994-07-11,27.1
1994-07-12,28.5
1994-07-13,30.6
1994-07-14,27.9
1994-07-15,28.4
1994-07-16,28.7
1994-07-17,28.7
1994-07-18,30.9
1994-07-19,29.6
1994-07-20,28.9
1994-07-21,29.5
1994-07-22,31.1
1994-07-23,32.6
1994-07-24,33.1
1994-07-25,31.9
1994-07-26,31.7
1994-07-27,31
1994-07-28,31.3
1994-07-29,31
1994-07-30,29.9
1994-07-31,28.6
1994-08-01,26.3
1994-08-02,28.7
1994-08-03,28.9
1994-08-04,29.1
1994-08-05,30.2
1994-08-06,30.5
1994-08-07,29.7
1994-08-08,29.8
1994-08-09,30.4
1994-08-10,26.3
1994-08-11,27.4
1994-08-12,30.8
1994-08-13,31.1
1994-08-14,31
1994-08-15,30.3
1994-08-16,29.4
1994-08-17,26.6
1994-08-18,26.4
1994-08-19,27.6
1994-08-20,26.7
1994-08-21,26
1994-08-22,25.4
1994-08-23,26.1
1994-08-24,26.5
1994-08-25,24.1
1994-08-26,26.3
1994-08-27,26.2
1994-08-28,22.5
1994-08-29,24.6
1994-08-30,25.6
1994-08-31,25.9
1994-09-01,26.7
1994-09-02,25.1
1994-09-03,25.5
1994-09-04,26.6
1994-09-05,24.3
1994-09-06,23.4
1994-09-07,23.5
1994-09-08,23.3
1994-09-09,23.7
1994-09-10,21.2
1994-09-11,19.9
1994-09-12,20.1
1994-09-13,19.4
1994-09-14,20.8
1994-09-15,20.9
1994-09-16,20.6
1994-09-17,19.2
1994-09-18,20.4
1994-09-19,21.6
1994-09-20,20.9
1994-09-21,20.2
1994-09-22,19
1994-09-23,17.8
1994-09-24,17
1994-09-25,17.6
1994-09-26,17.8
1994-09-27,18.3
1994-09-28,19
1994-09-29,18.9
1994-09-30,17.8
1995-05-01,19.7
1995-05-02,17.3
1995-05-03,13
1995-05-04,12.3
1995-05-05,13.8
1995-05-06,16.6
1995-05-07,16.8
1995-05-08,17.7
1995-05-09,20.2
1995-05-10,14.4
1995-05-11,12.9
1995-05-12,17
1995-05-13,14.3
1995-05-14,11.5
1995-05-15,15.7
1995-05-16,18.7
1995-05-17,19
1995-05-18,21.4
1995-05-19,22.1
1995-05-20,17.3
1995-05-21,17.8
1995-05-22,16.3
1995-05-23,18.6
1995-05-24,20.6
1995-05-25,18.6
1995-05-26,17.5
1995-05-27,18
1995-05-28,18.4
1995-05-29,18.5
1995-05-30,17.5
1995-05-31,17.9
1995-06-01,20.4
1995-06-02,17.6
1995-06-03,16.7
1995-06-04,17.7
1995-06-05,18
1995-06-06,20.4
1995-06-07,22.2
1995-06-08,23.1
1995-06-09,23.3
1995-06-10,23.1
1995-06-11,22.9
1995-06-12,21.8
1995-06-13,23.2
1995-06-14,22.3
1995-06-15,21.6
1995-06-16,22.4
1995-06-17,23.4
1995-06-18,18.8
1995-06-19,19.8
1995-06-20,22.9
1995-06-21,24.8
1995-06-22,21.5
1995-06-23,22.1
1995-06-24,22.6
1995-06-25,23.2
1995-06-26,21.8
1995-06-27,21.9
1995-06-28,22.6
1995-06-29,23.8
1995-06-30,22.3
1995-07-01,22.2
1995-07-02,21.8
1995-07-03,22.6
1995-07-04,22.6
1995-07-05,22.5
1995-07-06,23.1
1995-07-07,25.3
1995-07-08,22.7
1995-07-09,23.3
1995-07-10,22.8
1995-07-11,24.1
1995-07-12,25.8
1995-07-13,24.1
1995-07-14,24.4
1995-07-15,25.2
1995-07-16,23.9
1995-07-17,24.1
1995-07-18,23.3
1995-07-19,19.9
1995-07-20,20.1
1995-07-21,22.9
1995-07-22,25.7
1995-07-23,28.7
1995-07-24,26.7
1995-07-25,26.2
1995-07-26,28.6
1995-07-27,27.7
1995-07-28,27.1
1995-07-29,26.5
1995-07-30,27.5
1995-07-31,27.8
1995-08-01,27.2
1995-08-02,26.7
1995-08-03,27.5
1995-08-04,27.9
1995-08-05,26.9
1995-08-06,28.4
1995-08-07,27.4
1995-08-08,24.8
1995-08-09,25.6
1995-08-10,26.5
1995-08-11,26.9
1995-08-12,26.2
1995-08-13,27.6
1995-08-14,29.3
1995-08-15,29.1
1995-08-16,28
1995-08-17,28.3
1995-08-18,28.3
1995-08-19,24.5
1995-08-20,24.8
1995-08-21,25.8
1995-08-22,25.8
1995-08-23,24
1995-08-24,24
1995-08-25,22.7
1995-08-26,22
1995-08-27,23.6
1995-08-28,24.7
1995-08-29,24.4
1995-08-30,22.9
1995-08-31,25.1
1995-09-01,25.4
1995-09-02,25.7
1995-09-03,23
1995-09-04,22.5
1995-09-05,21.3
1995-09-06,20.4
1995-09-07,20.7
1995-09-08,23
1995-09-09,18.7
1995-09-10,19.3
1995-09-11,18.3
1995-09-12,19.2
1995-09-13,20.2
1995-09-14,20.9
1995-09-15,20.6
1995-09-16,20
1995-09-17,19
1995-09-18,18.9
1995-09-19,19.7
1995-09-20,19.7
1995-09-21,18.8
1995-09-22,20.1
1995-09-23,19.5
1995-09-24,21
1995-09-25,17.5
1995-09-26,17
1995-09-27,15
1995-09-28,16.7
1995-09-29,18.3
1995-09-30,19.7
1996-05-01,14.4
1996-05-02,15.1
1996-05-03,17.8
1996-05-04,15.6
1996-05-05,14.9
1996-05-06,15.6
1996-05-07,16.8
1996-05-08,14.4
1996-05-09,14.4
1996-05-10,15.5
1996-05-11,15.3
1996-05-12,15.1
1996-05-13,16.6
1996-05-14,16.8
1996-05-15,19.7
1996-05-16,20.8
1996-05-17,22.3
1996-05-18,22.5
1996-05-19,18.8
1996-05-20,17.9
1996-05-21,16.8
1996-05-22,17.8
1996-05-23,19.7
1996-05-24,20.8
1996-05-25,20.6
1996-05-26,21
1996-05-27,20.7
1996-05-28,22.3
1996-05-29,23.4
1996-05-30,22.1
1996-05-31,23.6
1996-06-01,25.2
1996-06-02,23.3
1996-06-03,21
1996-06-04,21.8
1996-06-05,23.1
1996-06-06,23.3
1996-06-07,22.8
1996-06-08,24.6
1996-06-09,24.1
1996-06-10,20.1
1996-06-11,21.5
1996-06-12,23.4
1996-06-13,24.2
1996-06-14,22.6
1996-06-15,23.9
1996-06-16,24
1996-06-17,21.2
1996-06-18,19.7
1996-06-19,21.9
1996-06-20,20.8
1996-06-21,22.1
1996-06-22,22.9
1996-06-23,22.9
1996-06-24,21.1
1996-06-25,22
1996-06-26,22.8
1996-06-27,20.3
1996-06-28,20.4
1996-06-29,21.4
1996-06-30,20.4
1996-07-01,22
1996-07-02,22.3
1996-07-03,24
1996-07-04,22.4
1996-07-05,24
1996-07-06,22.1
1996-07-07,23
1996-07-08,22.8
1996-07-09,23.2
1996-07-10,23.8
1996-07-11,24.7
1996-07-12,24.7
1996-07-13,23
1996-07-14,22.9
1996-07-15,22.6
1996-07-16,21.7
1996-07-17,22.8
1996-07-18,27.9
1996-07-19,26.5
1996-07-20,24.7
1996-07-21,24.7
1996-07-22,23.7
1996-07-23,25.8
1996-07-24,26.7
1996-07-25,27.4
1996-07-26,23.6
1996-07-27,24.2
1996-07-28,24.4
1996-07-29,27.6
1996-07-30,27.7
1996-07-31,28.8
1996-08-01,29.8
1996-08-02,29.7
1996-08-03,29.5
1996-08-04,27.8
1996-08-05,28.1
1996-08-06,28.4
1996-08-07,27.9
1996-08-08,27.2
1996-08-09,28.3
1996-08-10,27.5
1996-08-11,28.8
1996-08-12,28
1996-08-13,26.7
1996-08-14,28.7
1996-08-15,26.3
1996-08-16,26.1
1996-08-17,26.8
1996-08-18,27.9
1996-08-19,27.8
1996-08-20,27.8
1996-08-21,28.2
1996-08-22,26.6
1996-08-23,23.4
1996-08-24,23.9
1996-08-25,20.4
1996-08-26,19.1
1996-08-27,19.1
1996-08-28,20.2
1996-08-29,22.5
1996-08-30,21.5
1996-08-31,23.1
1996-09-01,23.7
1996-09-02,23.9
1996-09-03,23.7
1996-09-04,22.2
1996-09-05,21
1996-09-06,22.7
1996-09-07,22.8
1996-09-08,23.5
1996-09-09,22.1
1996-09-10,22.6
1996-09-11,23.3
1996-09-12,22.9
1996-09-13,22.4
1996-09-14,22.8
1996-09-15,23.7
1996-09-16,22.6
1996-09-17,22.1
1996-09-18,22.6
1996-09-19,21.5
1996-09-20,20.5
1996-09-21,18.6
1996-09-22,19.4
1996-09-23,21.3
1996-09-24,22.9
1996-09-25,22.4
1996-09-26,21.2
1996-09-27,21.5
1996-09-28,18.4
1996-09-29,20.1
1996-09-30,20.9
1997-05-01,15.7
1997-05-02,17.3
1997-05-03,21
1997-05-04,16.4
1997-05-05,19.5
1997-05-06,18
1997-05-07,19.1
1997-05-08,12.9
1997-05-09,14.6
1997-05-10,16.1
1997-05-11,19.2
1997-05-12,18.3
1997-05-13,16.4
1997-05-14,15.8
1997-05-15,18.9
1997-05-16,17.9
1997-05-17,16.8
1997-05-18,17.8
1997-05-19,16
1997-05-20,14.1
1997-05-21,15.8
1997-05-22,17.2
1997-05-23,14.8
1997-05-24,13.7
1997-05-25,16.5
1997-05-26,18.4
1997-05-27,18.9
1997-05-28,18.1
1997-05-29,17.1
1997-05-30,15.9
1997-05-31,19.4
1997-06-01,18.6
1997-06-02,16.6
1997-06-03,18.4
1997-06-04,20
1997-06-05,17.6
1997-06-06,21
1997-06-07,23.1
1997-06-08,22.8
1997-06-09,22.6
1997-06-10,22.6
1997-06-11,22.6
1997-06-12,22.8
1997-06-13,24.6
1997-06-14,25.8
1997-06-15,27.1
1997-06-16,26.7
1997-06-17,26.5
1997-06-18,28.2
1997-06-19,26.7
1997-06-20,23.8
1997-06-21,24.1
1997-06-22,23.6
1997-06-23,25.1
1997-06-24,25.6
1997-06-25,21.7
1997-06-26,22.6
1997-06-27,22
1997-06-28,26.2
1997-06-29,26.3
1997-06-30,25.7
1997-07-01,22
1997-07-02,24.8
1997-07-03,24.8
1997-07-04,23.5
1997-07-05,21.1
1997-07-06,19.7
1997-07-07,22.5
1997-07-08,23.9
1997-07-09,24.5
1997-07-10,26.5
1997-07-11,26.7
1997-07-12,23
1997-07-13,25.2
1997-07-14,25.6
1997-07-15,23.1
1997-07-16,25.3
1997-07-17,26.2
1997-07-18,26.1
1997-07-19,27.2
1997-07-20,27.8
1997-07-21,27.9
1997-07-22,28.6
1997-07-23,29.5
1997-07-24,29.7
1997-07-25,29.3
1997-07-26,30.4
1997-07-27,29.5
1997-07-28,29.3
1997-07-29,29.4
1997-07-30,28
1997-07-31,28.5
1997-08-01,28.7
1997-08-02,28.2
1997-08-03,25
1997-08-04,21.8
1997-08-05,25.1
1997-08-06,27.4
1997-08-07,27.6
1997-08-08,29.1
1997-08-09,28.4
1997-08-10,26.9
1997-08-11,27.4
1997-08-12,27.6
1997-08-13,27.7
1997-08-14,27.9
1997-08-15,27.4
1997-08-16,26.9
1997-08-17,27.3
1997-08-18,28.4
1997-08-19,26.2
1997-08-20,28.5
1997-08-21,25.1
1997-08-22,24.7
1997-08-23,25.7
1997-08-24,26.9
1997-08-25,27.1
1997-08-26,26
1997-08-27,26.5
1997-08-28,25.8
1997-08-29,26.4
1997-08-30,27
1997-08-31,27.6
1997-09-01,27.8
1997-09-02,23.9
1997-09-03,23
1997-09-04,23.7
1997-09-05,23.8
1997-09-06,25.6
1997-09-07,25.3
1997-09-08,24.9
1997-09-09,24.6
1997-09-10,23.4
1997-09-11,22.2
1997-09-12,20.5
1997-09-13,19.3
1997-09-14,19.4
1997-09-15,19.3
1997-09-16,18.4
1997-09-17,19.7
1997-09-18,17.6
1997-09-19,17.9
1997-09-20,17
1997-09-21,15.9
1997-09-22,17.8
1997-09-23,18.6
1997-09-24,18.2
1997-09-25,15
1997-09-26,13.9
1997-09-27,16.2
1997-09-28,16.7
1997-09-29,17.3
1997-09-30,18.3
1998-05-01,18.5
1998-05-02,16.1
1998-05-03,17.5
1998-05-04,18.5
1998-05-05,20
1998-05-06,21.1
1998-05-07,18.4
1998-05-08,18.2
1998-05-09,17.4
1998-05-10,17.2
1998-05-11,14.1
1998-05-12,13.4
1998-05-13,16.7
1998-05-14,20.2
1998-05-15,22.7
1998-05-16,16
1998-05-17,16
1998-05-18,18.1
1998-05-19,20.3
1998-05-20,21.8
1998-05-21,24.4
1998-05-22,23.5
1998-05-23,24.5
1998-05-24,19.8
1998-05-25,18.6
1998-05-26,19.2
1998-05-27,20.7
1998-05-28,20.9
1998-05-29,19.3
1998-05-30,18.3
1998-05-31,19
1998-06-01,19.1
1998-06-02,16.5
1998-06-03,15.1
1998-06-04,15.3
1998-06-05,15.6
1998-06-06,18.4
1998-06-07,19.4
1998-06-08,19.4
1998-06-09,22.8
1998-06-10,24.3
1998-06-11,24
1998-06-12,24.9
1998-06-13,19.3
1998-06-14,20.6
1998-06-15,21.7
1998-06-16,22.3
1998-06-17,25
1998-06-18,23.8
1998-06-19,21.7
1998-06-20,24
1998-06-21,25.5
1998-06-22,25.5
1998-06-23,25.2
1998-06-24,25.6
1998-06-25,22
1998-06-26,21.2
1998-06-27,23.1
1998-06-28,24.4
1998-06-29,26
1998-06-30,24.6
1998-07-01,22.2
1998-07-02,21.9
1998-07-03,23.2
1998-07-04,25
1998-07-05,25.1
1998-07-06,26.6
1998-07-07,27.1
1998-07-08,24.1
1998-07-09,23.8
1998-07-10,24
1998-07-11,25.1
1998-07-12,26.3
1998-07-13,25.8
1998-07-14,25
1998-07-15,24.2
1998-07-16,23.3
1998-07-17,25.7
1998-07-18,25.3
1998-07-19,21.4
1998-07-20,24.6
1998-07-21,24.4
1998-07-22,25.4
1998-07-23,26.2
1998-07-24,25.6
1998-07-25,24.8
1998-07-26,23.6
1998-07-27,25.6
1998-07-28,26.9
1998-07-29,27.7
1998-07-30,27.7
1998-07-31,24.8
1998-08-01,24.7
1998-08-02,27.1
1998-08-03,26.3
1998-08-04,25.4
1998-08-05,26.7
1998-08-06,25.3
1998-08-07,26.3
1998-08-08,24.1
1998-08-09,26
1998-08-10,24
1998-08-11,26.4
1998-08-12,25
1998-08-13,26.6
1998-08-14,26.1
1998-08-15,24.1
1998-08-16,25.9
1998-08-17,25.2
1998-08-18,25.5
1998-08-19,25.6
1998-08-20,25.8
1998-08-21,24.9
1998-08-22,25.9
1998-08-23,24.3
1998-08-24,23.2
1998-08-25,24.2
1998-08-26,24.3
1998-08-27,21.8
1998-08-28,23.1
1998-08-29,24
1998-08-30,23.7
1998-08-31,23.9
1998-09-01,23
1998-09-02,22.8
1998-09-03,23.6
1998-09-04,23.9
1998-09-05,21.1
1998-09-06,23.4
1998-09-07,24.6
1998-09-08,25.7
1998-09-09,25.6
1998-09-10,26.9
1998-09-11,26.8
1998-09-12,27.1
1998-09-13,26.5
1998-09-14,25.8
1998-09-15,22.8
1998-09-16,21.3
1998-09-17,21.5
1998-09-18,22.9
1998-09-19,24.6
1998-09-20,25.6
1998-09-21,21.1
1998-09-22,20.4
1998-09-23,19.8
1998-09-24,19.8
1998-09-25,20.8
1998-09-26,22
1998-09-27,22.2
1998-09-28,21.5
1998-09-29,18.7
1998-09-30,17.6
1999-05-01,15.4
1999-05-02,16.7
1999-05-03,14.7
1999-05-04,17.9
1999-05-05,16.5
1999-05-06,16.1
1999-05-07,16.9
1999-05-08,18.1
1999-05-09,17.4
1999-05-10,18.1
1999-05-11,17.6
1999-05-12,17.4
1999-05-13,18.4
1999-05-14,18.3
1999-05-15,16.1
1999-05-16,19.4
1999-05-17,21.9
1999-05-18,17.1
1999-05-19,12.9
1999-05-20,16.2
1999-05-21,19.4
1999-05-22,20.6
1999-05-23,21.8
1999-05-24,15.4
1999-05-25,15.6
1999-05-26,15.8
1999-05-27,15.5
1999-05-28,15.9
1999-05-29,17.5
1999-05-30,20.3
1999-05-31,21.7
1999-06-01,19.8
1999-06-02,18.9
1999-06-03,21.7
1999-06-04,23.7
1999-06-05,25.7
1999-06-06,22
1999-06-07,22.9
1999-06-08,23.4
1999-06-09,23.8
1999-06-10,23.6
1999-06-11,22.6
1999-06-12,23.1
1999-06-13,23.8
1999-06-14,25.1
1999-06-15,23.8
1999-06-16,18.7
1999-06-17,20.7
1999-06-18,21.9
1999-06-19,21.6
1999-06-20,21.7
1999-06-21,23.6
1999-06-22,24.8
1999-06-23,20
1999-06-24,21.4
1999-06-25,23.3
1999-06-26,25.1
1999-06-27,25.3
1999-06-28,27.2
1999-06-29,27.6
1999-06-30,26
1999-07-01,25.9
1999-07-02,25.5
1999-07-03,25.7
1999-07-04,25.9
1999-07-05,26.1
1999-07-06,26.3
1999-07-07,26.2
1999-07-08,26.3
1999-07-09,23.5
1999-07-10,21.3
1999-07-11,24.4
1999-07-12,23.8
1999-07-13,26.1
1999-07-14,27.3
1999-07-15,23.5
1999-07-16,23.9
1999-07-17,24.8
1999-07-18,25.3
1999-07-19,26.8
1999-07-20,29.5
1999-07-21,28.6
1999-07-22,25.5
1999-07-23,26
1999-07-24,26.2
1999-07-25,26.8
1999-07-26,29.6
1999-07-27,28.7
1999-07-28,24.9
1999-07-29,25
1999-07-30,26.8
1999-07-31,25.4
1999-08-01,23.5
1999-08-02,20.8
1999-08-03,21
1999-08-04,23.9
1999-08-05,26.2
1999-08-06,28
1999-08-07,29.1
1999-08-08,29.8
1999-08-09,28.5
1999-08-10,29.9
1999-08-11,28.6
1999-08-12,29
1999-08-13,29.1
1999-08-14,29
1999-08-15,28.8
1999-08-16,28.8
1999-08-17,29.6
1999-08-18,26.8
1999-08-19,25.3
1999-08-20,25.2
1999-08-21,24.3
1999-08-22,23.6
1999-08-23,25.5
1999-08-24,24.6
1999-08-25,24.4
1999-08-26,24.9
1999-08-27,22.2
1999-08-28,23.9
1999-08-29,24.4
1999-08-30,23.6
1999-08-31,23.2
1999-09-01,24.9
1999-09-02,26
1999-09-03,26.8
1999-09-04,26.4
1999-09-05,22.8
1999-09-06,24.5
1999-09-07,24.7
1999-09-08,25.5
1999-09-09,26.2
1999-09-10,25.6
1999-09-11,25.6
1999-09-12,26.4
1999-09-13,25.8
1999-09-14,24.8
1999-09-15,23.9
1999-09-16,24.3
1999-09-17,24.3
1999-09-18,20.6
1999-09-19,21.5
1999-09-20,16.8
1999-09-21,16
1999-09-22,18.5
1999-09-23,19.3
1999-09-24,20.3
1999-09-25,20.1
1999-09-26,20
1999-09-27,21.2
1999-09-28,22.4
1999-09-29,21.2
1999-09-30,20.2
2000-05-01,14.2
2000-05-02,13.8
2000-05-03,15.6
2000-05-04,18
2000-05-05,16.9
2000-05-06,15.5
2000-05-07,14.7
2000-05-08,17
2000-05-09,20.1
2000-05-10,14.3
2000-05-11,11.7
2000-05-12,14.2
2000-05-13,18.1
2000-05-14,18.5
2000-05-15,16.9
2000-05-16,16.7
2000-05-17,17.5
2000-05-18,16.9
2000-05-19,15.7
2000-05-20,15.2
2000-05-21,16.7
2000-05-22,20.2
2000-05-23,19.3
2000-05-24,21.9
2000-05-25,23.9
2000-05-26,22.6
2000-05-27,18
2000-05-28,18.8
2000-05-29,20.7
2000-05-30,18.8
2000-05-31,19.9
2000-06-01,20.4
2000-06-02,21.8
2000-06-03,24.9
2000-06-04,25.9
2000-06-05,24.6
2000-06-06,22.3
2000-06-07,22.4
2000-06-08,20.6
2000-06-09,20.1
2000-06-10,20.3
2000-06-11,21.7
2000-06-12,23
2000-06-13,22.9
2000-06-14,24.4
2000-06-15,24.9
2000-06-16,25.3
2000-06-17,25.6
2000-06-18,26.3
2000-06-19,25.9
2000-06-20,26.1
2000-06-21,26
2000-06-22,23.3
2000-06-23,23
2000-06-24,24.5
2000-06-25,25.1
2000-06-26,24.1
2000-06-27,24.3
2000-06-28,25.9
2000-06-29,23.3
2000-06-30,23
2000-07-01,25.6
2000-07-02,27.2
2000-07-03,28.1
2000-07-04,28.2
2000-07-05,28.4
2000-07-06,29
2000-07-07,27.8
2000-07-08,27
2000-07-09,26.8
2000-07-10,28.7
2000-07-11,23.5
2000-07-12,25.4
2000-07-13,25.9
2000-07-14,26.6
2000-07-15,26.6
2000-07-16,25.7
2000-07-17,27
2000-07-18,27.7
2000-07-19,26.8
2000-07-20,27.9
2000-07-21,27.5
2000-07-22,24.8
2000-07-23,25.5
2000-07-24,26.5
2000-07-25,25.8
2000-07-26,26.9
2000-07-27,28.3
2000-07-28,28.3
2000-07-29,27.5
2000-07-30,23.9
2000-07-31,25.3
2000-08-01,26.3
2000-08-02,28.8
2000-08-03,28.3
2000-08-04,24.6
2000-08-05,25.2
2000-08-06,24.4
2000-08-07,24.6
2000-08-08,26.5
2000-08-09,26.9
2000-08-10,27.5
2000-08-11,28
2000-08-12,28.6
2000-08-13,28.9
2000-08-14,28.1
2000-08-15,28.3
2000-08-16,28.3
2000-08-17,28.8
2000-08-18,28.9
2000-08-19,24.6
2000-08-20,22.1
2000-08-21,22.7
2000-08-22,25.1
2000-08-23,25.4
2000-08-24,23.4
2000-08-25,22
2000-08-26,22.1
2000-08-27,25
2000-08-28,25.3
2000-08-29,28.1
2000-08-30,29.1
2000-08-31,25.4
2000-09-01,24.4
2000-09-02,26
2000-09-03,25.1
2000-09-04,24.9
2000-09-05,23.6
2000-09-06,22.5
2000-09-07,20.7
2000-09-08,20.6
2000-09-09,20.2
2000-09-10,22.2
2000-09-11,21.3
2000-09-12,20.1
2000-09-13,16.5
2000-09-14,16.7
2000-09-15,17
2000-09-16,16
2000-09-17,19.2
2000-09-18,18.6
2000-09-19,19.1
2000-09-20,21.4
2000-09-21,21.3
2000-09-22,21.7
2000-09-23,21
2000-09-24,20.5
2000-09-25,20.2
2000-09-26,20.2
2000-09-27,20.6
2000-09-28,17.9
2000-09-29,20.4
2000-09-30,20.1
2001-05-01,17.2
2001-05-02,16.2
2001-05-03,16.1
2001-05-04,15
2001-05-05,17.5
2001-05-06,19.9
2001-05-07,18.3
2001-05-08,20.4
2001-05-09,13.4
2001-05-10,15.2
2001-05-11,15.7
2001-05-12,17.1
2001-05-13,18.9
2001-05-14,19.7
2001-05-15,16.1
2001-05-16,17.7
2001-05-17,20.2
2001-05-18,17.9
2001-05-19,20.8
2001-05-20,22.1
2001-05-21,24.6
2001-05-22,20.3
2001-05-23,23.2
2001-05-24,22.6
2001-05-25,21.4
2001-05-26,20.2
2001-05-27,20.5
2001-05-28,21.5
2001-05-29,23.2
2001-05-30,19.5
2001-05-31,19.7
2001-06-01,18.8
2001-06-02,22
2001-06-03,23.8
2001-06-04,22.4
2001-06-05,20.9
2001-06-06,23.2
2001-06-07,25.3
2001-06-08,24.9
2001-06-09,24.8
2001-06-10,25.8
2001-06-11,24
2001-06-12,22.4
2001-06-13,21.3
2001-06-14,22.5
2001-06-15,22.4
2001-06-16,21.9
2001-06-17,23.5
2001-06-18,20.2
2001-06-19,21.7
2001-06-20,23.3
2001-06-21,22.3
2001-06-22,21.9
2001-06-23,21.6
2001-06-24,20.6
2001-06-25,22.6
2001-06-26,22.6
2001-06-27,21.6
2001-06-28,23.8
2001-06-29,22.6
2001-06-30,21.3
2001-07-01,25.1
2001-07-02,27.2
2001-07-03,25.2
2001-07-04,26
2001-07-05,23.4
2001-07-06,26.1
2001-07-07,25.9
2001-07-08,25.3
2001-07-09,25.1
2001-07-10,21.8
2001-07-11,25
2001-07-12,26.7
2001-07-13,26.7
2001-07-14,24.3
2001-07-15,23.2
2001-07-16,25.5
2001-07-17,26.7
2001-07-18,26.4
2001-07-19,26.4
2001-07-20,26.5
2001-07-21,25.9
2001-07-22,26.4
2001-07-23,25.9
2001-07-24,26
2001-07-25,28.1
2001-07-26,28.5
2001-07-27,28.1
2001-07-28,28.3
2001-07-29,24.9
2001-07-30,25.2
2001-07-31,26.1
2001-08-01,26.8
2001-08-02,28.7
2001-08-03,28.8
2001-08-04,29.5
2001-08-05,27.3
2001-08-06,28.3
2001-08-07,26.7
2001-08-08,26.3
2001-08-09,25.5
2001-08-10,26.6
2001-08-11,25.6
2001-08-12,23.9
2001-08-13,21.2
2001-08-14,25.2
2001-08-15,25.2
2001-08-16,28.1
2001-08-17,30
2001-08-18,28.9
2001-08-19,28
2001-08-20,27.8
2001-08-21,27.4
2001-08-22,26.8
2001-08-23,26.6
2001-08-24,26.5
2001-08-25,25.3
2001-08-26,25.7
2001-08-27,25.9
2001-08-28,25.2
2001-08-29,23.6
2001-08-30,24.4
2001-08-31,25
2001-09-01,26.1
2001-09-02,26.3
2001-09-03,26.9
2001-09-04,25.7
2001-09-05,25.3
2001-09-06,22.7
2001-09-07,24.4
2001-09-08,25
2001-09-09,24.3
2001-09-10,24.4
2001-09-11,23.2
2001-09-12,22.1
2001-09-13,22.9
2001-09-14,21.9
2001-09-15,23.6
2001-09-16,24.3
2001-09-17,23.6
2001-09-18,23
2001-09-19,21
2001-09-20,21.7
2001-09-21,18.8
2001-09-22,17.7
2001-09-23,18.7
2001-09-24,19
2001-09-25,21.3
2001-09-26,21.1
2001-09-27,21.4
2001-09-28,21.1
2001-09-29,20.5
2001-09-30,15.7
2002-05-01,18.9
2002-05-02,18.3
2002-05-03,16
2002-05-04,19.1
2002-05-05,19.6
2002-05-06,15.6
2002-05-07,11.4
2002-05-08,16.6
2002-05-09,18.3
2002-05-10,18.5
2002-05-11,17.9
2002-05-12,16.4
2002-05-13,18.3
2002-05-14,21.3
2002-05-15,18.1
2002-05-16,14.9
2002-05-17,13.4
2002-05-18,16.9
2002-05-19,17.3
2002-05-20,19.3
2002-05-21,19.6
2002-05-22,20
2002-05-23,21.9
2002-05-24,19.9
2002-05-25,19.9
2002-05-26,18.5
2002-05-27,18.6
2002-05-28,19.3
2002-05-29,20.6
2002-05-30,19.1
2002-05-31,19.4
2002-06-01,20.2
2002-06-02,22.9
2002-06-03,23.4
2002-06-04,22.4
2002-06-05,25.2
2002-06-06,25.9
2002-06-07,25.2
2002-06-08,22.1
2002-06-09,22.8
2002-06-10,22.4
2002-06-11,21.9
2002-06-12,18.6
2002-06-13,19.7
2002-06-14,20.4
2002-06-15,20.6
2002-06-16,22.4
2002-06-17,23.2
2002-06-18,23.4
2002-06-19,22.3
2002-06-20,22.2
2002-06-21,23.6
2002-06-22,23.7
2002-06-23,18.1
2002-06-24,16.4
2002-06-25,19.8
2002-06-26,20.9
2002-06-27,21.6
2002-06-28,23.6
2002-06-29,25.8
2002-06-30,26.3
2002-07-01,25
2002-07-02,24.1
2002-07-03,26
2002-07-04,27.7
2002-07-05,23.3
2002-07-06,21.2
2002-07-07,22.7
2002-07-08,24.3
2002-07-09,25.3
2002-07-10,26.2
2002-07-11,25.2
2002-07-12,25.5
2002-07-13,25.1
2002-07-14,23.6
2002-07-15,25.6
2002-07-16,24.7
2002-07-17,24.4
2002-07-18,24.9
2002-07-19,20.8
2002-07-20,23.6
2002-07-21,25.8
2002-07-22,24.3
2002-07-23,22.4
2002-07-24,25.3
2002-07-25,27.9
2002-07-26,27.9
2002-07-27,29.3
2002-07-28,30.4
2002-07-29,27.6
2002-07-30,26.6
2002-07-31,26
2002-08-01,26
2002-08-02,25.9
2002-08-03,25.9
2002-08-04,25.6
2002-08-05,26.7
2002-08-06,22.4
2002-08-07,21.2
2002-08-08,25.1
2002-08-09,25.5
2002-08-10,21.4
2002-08-11,20.4
2002-08-12,20.7
2002-08-13,23
2002-08-14,23
2002-08-15,24.2
2002-08-16,23.8
2002-08-17,23
2002-08-18,24.3
2002-08-19,22.8
2002-08-20,24.5
2002-08-21,24.5
2002-08-22,22.8
2002-08-23,24.8
2002-08-24,25.4
2002-08-25,25.5
2002-08-26,26.4
2002-08-27,24.1
2002-08-28,25.5
2002-08-29,28.1
2002-08-30,25.9
2002-08-31,22
2002-09-01,23.5
2002-09-02,25.3
2002-09-03,26.6
2002-09-04,26.3
2002-09-05,22.6
2002-09-06,21.7
2002-09-07,23
2002-09-08,23.3
2002-09-09,23.9
2002-09-10,24.7
2002-09-11,24.2
2002-09-12,19.9
2002-09-13,19.6
2002-09-14,20.4
2002-09-15,18.5
2002-09-16,18.8
2002-09-17,20.7
2002-09-18,21.4
2002-09-19,21.6
2002-09-20,20.7
2002-09-21,19.5
2002-09-22,19.6
2002-09-23,19.4
2002-09-24,20.3
2002-09-25,20.9
2002-09-26,21.6
2002-09-27,20.5
2002-09-28,20.6
2002-09-29,19.1
2002-09-30,18.8
2003-05-01,15.9
2003-05-02,17.6
2003-05-03,18.1
2003-05-04,20.9
2003-05-05,22.4
2003-05-06,18.4
2003-05-07,14.7
2003-05-08,14.3
2003-05-09,14.7
2003-05-10,15.9
2003-05-11,17.2
2003-05-12,18.6
2003-05-13,21.2
2003-05-14,22.3
2003-05-15,21.1
2003-05-16,20.3
2003-05-17,19.6
2003-05-18,17.7
2003-05-19,18.4
2003-05-20,18.5
2003-05-21,19.3
2003-05-22,20.7
2003-05-23,20.9
2003-05-24,20.5
2003-05-25,17.3
2003-05-26,21.7
2003-05-27,23.9
2003-05-28,25.2
2003-05-29,23
2003-05-30,21.7
2003-05-31,24.1
2003-06-01,23.5
2003-06-02,22.6
2003-06-03,22
2003-06-04,21.6
2003-06-05,22.4
2003-06-06,18.5
2003-06-07,20.9
2003-06-08,24.1
2003-06-09,25.9
2003-06-10,23
2003-06-11,20.9
2003-06-12,19.3
2003-06-13,20.3
2003-06-14,20.2
2003-06-15,18
2003-06-16,20.3
2003-06-17,22.3
2003-06-18,22.4
2003-06-19,23.3
2003-06-20,21.9
2003-06-21,23.5
2003-06-22,24.5
2003-06-23,21.4
2003-06-24,16.7
2003-06-25,19.2
2003-06-26,22.4
2003-06-27,20
2003-06-28,22.8
2003-06-29,19.7
2003-06-30,22.8
2003-07-01,23
2003-07-02,24.7
2003-07-03,21.4
2003-07-04,22.3
2003-07-05,25.1
2003-07-06,24.6
2003-07-07,25.2
2003-07-08,25.7
2003-07-09,21.8
2003-07-10,23.2
2003-07-11,25.2
2003-07-12,23.3
2003-07-13,24.5
2003-07-14,23.7
2003-07-15,24.7
2003-07-16,24.8
2003-07-17,24.3
2003-07-18,19.8
2003-07-19,20.4
2003-07-20,24
2003-07-21,25.7
2003-07-22,22.9
2003-07-23,22.3
2003-07-24,24.6
2003-07-25,26
2003-07-26,25.6
2003-07-27,21
2003-07-28,22.2
2003-07-29,24.7
2003-07-30,26.2
2003-07-31,26.4
2003-08-01,25.8
2003-08-02,25
2003-08-03,25.2
2003-08-04,26.6
2003-08-05,26
2003-08-06,23.4
2003-08-07,22.7
2003-08-08,25.1
2003-08-09,26.7
2003-08-10,24.1
2003-08-11,23.8
2003-08-12,24.8
2003-08-13,24.7
2003-08-14,24.9
2003-08-15,24.7
2003-08-16,23.5
2003-08-17,23
2003-08-18,21.4
2003-08-19,21.8
2003-08-20,24.6
2003-08-21,26.5
2003-08-22,27
2003-08-23,24.6
2003-08-24,22.7
2003-08-25,25
2003-08-26,24.2
2003-08-27,21.5
2003-08-28,24
2003-08-29,22.4
2003-08-30,20.2
2003-08-31,21.2
2003-09-01,22
2003-09-02,18.8
2003-09-03,20.8
2003-09-04,22
2003-09-05,22.9
2003-09-06,22.3
2003-09-07,21.1
2003-09-08,23.2
2003-09-09,18.8
2003-09-10,20.9
2003-09-11,21.7
2003-09-12,21.3
2003-09-13,22
2003-09-14,22.1
2003-09-15,23.2
2003-09-16,22.5
2003-09-17,23.2
2003-09-18,20.4
2003-09-19,21.1
2003-09-20,20.6
2003-09-21,19.4
2003-09-22,18.9
2003-09-23,18.7
2003-09-24,18.8
2003-09-25,20.2
2003-09-26,20.3
2003-09-27,20.4
2003-09-28,20.4
2003-09-29,19.9
2003-09-30,19.2
2004-05-01,19.6
2004-05-02,17.4
2004-05-03,14.8
2004-05-04,14.2
2004-05-05,15.5
2004-05-06,16.9
2004-05-07,17.7
2004-05-08,18.1
2004-05-09,14.8
2004-05-10,14.9
2004-05-11,17.3
2004-05-12,16.9
2004-05-13,15.8
2004-05-14,18.7
2004-05-15,15.9
2004-05-16,16.3
2004-05-17,14.5
2004-05-18,16.8
2004-05-19,19.3
2004-05-20,17.5
2004-05-21,16.7
2004-05-22,17.8
2004-05-23,17.4
2004-05-24,18.7
2004-05-25,19.8
2004-05-26,19.9
2004-05-27,21.8
2004-05-28,18.8
2004-05-29,20.1
2004-05-30,21.5
2004-05-31,20.6
2004-06-01,21.2
2004-06-02,23.3
2004-06-03,26
2004-06-04,26.3
2004-06-05,25.8
2004-06-06,23.4
2004-06-07,21.5
2004-06-08,20
2004-06-09,20.6
2004-06-10,23.3
2004-06-11,25.3
2004-06-12,25
2004-06-13,23.4
2004-06-14,23.6
2004-06-15,25.5
2004-06-16,25.5
2004-06-17,19.2
2004-06-18,20.5
2004-06-19,20.7
2004-06-20,21.8
2004-06-21,22.5
2004-06-22,21
2004-06-23,22
2004-06-24,25.2
2004-06-25,25.2
2004-06-26,24.3
2004-06-27,24.5
2004-06-28,22.6
2004-06-29,22.1
2004-06-30,24.7
2004-07-01,24
2004-07-02,23.1
2004-07-03,24.4
2004-07-04,21.1
2004-07-05,22.8
2004-07-06,23.3
2004-07-07,21.5
2004-07-08,21.2
2004-07-09,22.7
2004-07-10,24.1
2004-07-11,23.4
2004-07-12,22.4
2004-07-13,21
2004-07-14,23.5
2004-07-15,22.8
2004-07-16,23
2004-07-17,22.3
2004-07-18,25.2
2004-07-19,26.4
2004-07-20,25.7
2004-07-21,26.8
2004-07-22,27.4
2004-07-23,28.3
2004-07-24,27.6
2004-07-25,25.4
2004-07-26,26.5
2004-07-27,27.6
2004-07-28,28.7
2004-07-29,28.9
2004-07-30,29.2
2004-07-31,29.9
2004-08-01,29.4
2004-08-02,28.3
2004-08-03,28.8
2004-08-04,28.5
2004-08-05,27.6
2004-08-06,28.3
2004-08-07,28.5
2004-08-08,27.8
2004-08-09,28.6
2004-08-10,30.2
2004-08-11,30.4
2004-08-12,29.6
2004-08-13,28.7
2004-08-14,26.3
2004-08-15,26.7
2004-08-16,25
2004-08-17,23.1
2004-08-18,23.2
2004-08-19,21.8
2004-08-20,23.5
2004-08-21,23.3
2004-08-22,22.8
2004-08-23,22.8
2004-08-24,23.9
2004-08-25,24.2
2004-08-26,23.7
2004-08-27,24.6
2004-08-28,23.9
2004-08-29,25.5
2004-08-30,26
2004-08-31,24.6
2004-09-01,24.7
2004-09-02,24.1
2004-09-03,23.7
2004-09-04,24.9
2004-09-05,25.5
2004-09-06,24.5
2004-09-07,19.7
2004-09-08,22.1
2004-09-09,23.2
2004-09-10,22.1
2004-09-11,17.4
2004-09-12,20.5
2004-09-13,21.4
2004-09-14,23
2004-09-15,24.5
2004-09-16,23
2004-09-17,23.6
2004-09-18,21.8
2004-09-19,20.7
2004-09-20,16.5
2004-09-21,16.8
2004-09-22,18.8
2004-09-23,20.5
2004-09-24,21.2
2004-09-25,21.6
2004-09-26,20.4
2004-09-27,21.3
2004-09-28,21.2
2004-09-29,21.9
2004-09-30,21.7
2005-05-01,21
2005-05-02,19.5
2005-05-03,19.2
2005-05-04,20.1
2005-05-05,19.8
2005-05-06,11.6
2005-05-07,13.5
2005-05-08,13.4
2005-05-09,13.3
2005-05-10,14.2
2005-05-11,13.7
2005-05-12,14.1
2005-05-13,16.6
2005-05-14,16.7
2005-05-15,18.6
2005-05-16,19.6
2005-05-17,19.4
2005-05-18,15.4
2005-05-19,17.2
2005-05-20,18.5
2005-05-21,17.7
2005-05-22,15.9
2005-05-23,16.1
2005-05-24,17.6
2005-05-25,18.5
2005-05-26,19.3
2005-05-27,20.7
2005-05-28,22
2005-05-29,23.7
2005-05-30,21.5
2005-05-31,21
2005-06-01,19.8
2005-06-02,19.1
2005-06-03,18
2005-06-04,19.5
2005-06-05,22.8
2005-06-06,22.2
2005-06-07,21.7
2005-06-08,23
2005-06-09,23.6
2005-06-10,19.1
2005-06-11,21
2005-06-12,21.8
2005-06-13,24.8
2005-06-14,24.1
2005-06-15,21.2
2005-06-16,21.2
2005-06-17,22.5
2005-06-18,23.1
2005-06-19,23.6
2005-06-20,23.6
2005-06-21,24.5
2005-06-22,24.1
2005-06-23,24.4
2005-06-24,25.9
2005-06-25,25.4
2005-06-26,24.7
2005-06-27,22.7
2005-06-28,23.8
2005-06-29,22.8
2005-06-30,25.7
2005-07-01,23.8
2005-07-02,23.9
2005-07-03,21.5
2005-07-04,24.2
2005-07-05,23.1
2005-07-06,24.6
2005-07-07,24.1
2005-07-08,25.1
2005-07-09,22.4
2005-07-10,23.7
2005-07-11,20.7
2005-07-12,23.1
2005-07-13,23.3
2005-07-14,25
2005-07-15,25.8
2005-07-16,26
2005-07-17,24.8
2005-07-18,26.4
2005-07-19,26.5
2005-07-20,27
2005-07-21,27.1
2005-07-22,29.1
2005-07-23,30.2
2005-07-24,29.2
2005-07-25,27.8
2005-07-26,27.6
2005-07-27,27
2005-07-28,23.1
2005-07-29,25.4
2005-07-30,26.1
2005-07-31,26.9
2005-08-01,25.3
2005-08-02,26.3
2005-08-03,24.8
2005-08-04,28.5
2005-08-05,29.3
2005-08-06,29
2005-08-07,26.9
2005-08-08,26.2
2005-08-09,26.4
2005-08-10,25.1
2005-08-11,25.2
2005-08-12,26
2005-08-13,27.2
2005-08-14,27.3
2005-08-15,27.2
2005-08-16,28.3
2005-08-17,28.1
2005-08-18,25.5
2005-08-19,21.6
2005-08-20,23.2
2005-08-21,24.1
2005-08-22,23.1
2005-08-23,24.1
2005-08-24,20.6
2005-08-25,17.6
2005-08-26,21.2
2005-08-27,23.6
2005-08-28,22.9
2005-08-29,24.6
2005-08-30,24.1
2005-08-31,25.6
2005-09-01,26.8
2005-09-02,25.2
2005-09-03,23.7
2005-09-04,22.5
2005-09-05,22.4
2005-09-06,21.9
2005-09-07,23.3
2005-09-08,24.4
2005-09-09,22.6
2005-09-10,24.1
2005-09-11,26.3
2005-09-12,25.8
2005-09-13,20.5
2005-09-14,20.2
2005-09-15,21.4
2005-09-16,22.8
2005-09-17,22.5
2005-09-18,22.8
2005-09-19,20.1
2005-09-20,20.1
2005-09-21,15.9
2005-09-22,17.1
2005-09-23,20.1
2005-09-24,20.9
2005-09-25,20.5
2005-09-26,21
2005-09-27,21
2005-09-28,20.8
2005-09-29,20.8
2005-09-30,17.7
2006-05-01,18
2006-05-02,17.2
2006-05-03,15.7
2006-05-04,17.7
2006-05-05,20.7
2006-05-06,15.1
2006-05-07,19.7
2006-05-08,21
2006-05-09,21.3
2006-05-10,18.2
2006-05-11,18.9
2006-05-12,16.8
2006-05-13,15.2
2006-05-14,16
2006-05-15,18.6
2006-05-16,18.8
2006-05-17,18.8
2006-05-18,20.2
2006-05-19,17.9
2006-05-20,18.2
2006-05-21,22.5
2006-05-22,17.5
2006-05-23,15
2006-05-24,18.5
2006-05-25,18.8
2006-05-26,21.6
2006-05-27,16.3
2006-05-28,17.3
2006-05-29,18.4
2006-05-30,20.5
2006-05-31,21.3
2006-06-01,22.7
2006-06-02,25.9
2006-06-03,23.4
2006-06-04,20.8
2006-06-05,21.3
2006-06-06,21.9
2006-06-07,21.9
2006-06-08,20.1
2006-06-09,21
2006-06-10,17.3
2006-06-11,16.9
2006-06-12,21.3
2006-06-13,23.5
2006-06-14,19
2006-06-15,18.5
2006-06-16,21.4
2006-06-17,22.2
2006-06-18,21.5
2006-06-19,22.9
2006-06-20,22.5
2006-06-21,19.2
2006-06-22,22.6
2006-06-23,23.9
2006-06-24,24.4
2006-06-25,24.4
2006-06-26,20.4
2006-06-27,21.1
2006-06-28,23.7
2006-06-29,25
2006-06-30,23.2
2006-07-01,22.6
2006-07-02,23
2006-07-03,24.1
2006-07-04,22.4
2006-07-05,21.5
2006-07-06,21.1
2006-07-07,23
2006-07-08,25.5
2006-07-09,25.7
2006-07-10,23.8
2006-07-11,24.7
2006-07-12,23.8
2006-07-13,25.2
2006-07-14,27.2
2006-07-15,24.1
2006-07-16,18.7
2006-07-17,19.2
2006-07-18,19.1
2006-07-19,21.8
2006-07-20,21.7
2006-07-21,22.1
2006-07-22,23.4
2006-07-23,23.4
2006-07-24,23.4
2006-07-25,24.7
2006-07-26,22.2
2006-07-27,20.9
2006-07-28,21.8
2006-07-29,24.6
2006-07-30,26.1
2006-07-31,26.5
2006-08-01,27.7
2006-08-02,28
2006-08-03,28.6
2006-08-04,29.5
2006-08-05,29
2006-08-06,28.3
2006-08-07,27.2
2006-08-08,29
2006-08-09,29.2
2006-08-10,28.6
2006-08-11,26.6
2006-08-12,27.5
2006-08-13,28.8
2006-08-14,29.3
2006-08-15,28.2
2006-08-16,28.3
2006-08-17,26.6
2006-08-18,26.5
2006-08-19,24.8
2006-08-20,23.6
2006-08-21,27.2
2006-08-22,27.6
2006-08-23,27.1
2006-08-24,27
2006-08-25,25.1
2006-08-26,25.2
2006-08-27,24.2
2006-08-28,25.4
2006-08-29,23.7
2006-08-30,25.2
2006-08-31,25.2
2006-09-01,24.2
2006-09-02,25.6
2006-09-03,25.5
2006-09-04,21.4
2006-09-05,21.1
2006-09-06,19.8
2006-09-07,22
2006-09-08,22
2006-09-09,17.2
2006-09-10,15.8
2006-09-11,16.5
2006-09-12,19.9
2006-09-13,21.8
2006-09-14,21.5
2006-09-15,20.8
2006-09-16,21.6
2006-09-17,20.2
2006-09-18,18.2
2006-09-19,20.2
2006-09-20,22.1
2006-09-21,23.5
2006-09-22,22.9
2006-09-23,21.5
2006-09-24,21.2
2006-09-25,20.9
2006-09-26,21.6
2006-09-27,22
2006-09-28,20.5
2006-09-29,20.7
2006-09-30,20.7
2007-05-01,14
2007-05-02,15.6
2007-05-03,15.3
2007-05-04,16.3
2007-05-05,19.2
2007-05-06,20
2007-05-07,19.5
2007-05-08,19.4
2007-05-09,15.9
2007-05-10,15.7
2007-05-11,18.7
2007-05-12,13
2007-05-13,16.6
2007-05-14,16.5
2007-05-15,19.6
2007-05-16,17.3
2007-05-17,18.3
2007-05-18,14.3
2007-05-19,16
2007-05-20,17.4
2007-05-21,18.4
2007-05-22,19.7
2007-05-23,20.7
2007-05-24,19.8
2007-05-25,19.7
2007-05-26,20.3
2007-05-27,22.5
2007-05-28,21.3
2007-05-29,18.1
2007-05-30,19.7
2007-05-31,22.2
2007-06-01,20.4
2007-06-02,23.2
2007-06-03,23.8
2007-06-04,22.4
2007-06-05,19.9
2007-06-06,20.1
2007-06-07,19.3
2007-06-08,19.4
2007-06-09,20.3
2007-06-10,23.6
2007-06-11,24.4
2007-06-12,24.4
2007-06-13,23.8
2007-06-14,23.4
2007-06-15,23.1
2007-06-16,25.5
2007-06-17,25.6
2007-06-18,26.3
2007-06-19,26.4
2007-06-20,24.2
2007-06-21,21
2007-06-22,25.4
2007-06-23,24.8
2007-06-24,21.2
2007-06-25,21.7
2007-06-26,25.4
2007-06-27,25.9
2007-06-28,24.6
2007-06-29,21.8
2007-06-30,24.2
2007-07-01,19.8
2007-07-02,20.6
2007-07-03,23.6
2007-07-04,22.7
2007-07-05,22.6
2007-07-06,26.2
2007-07-07,26.4
2007-07-08,25.8
2007-07-09,25.9
2007-07-10,22.4
2007-07-11,18.9
2007-07-12,23.4
2007-07-13,25.7
2007-07-14,24
2007-07-15,24.7
2007-07-16,19.9
2007-07-17,22.4
2007-07-18,26
2007-07-19,24.1
2007-07-20,26.2
2007-07-21,23.6
2007-07-22,24.6
2007-07-23,25.5
2007-07-24,23.4
2007-07-25,24.7
2007-07-26,26.7
2007-07-27,26.9
2007-07-28,25.1
2007-07-29,24.6
2007-07-30,26.4
2007-07-31,26.4
2007-08-01,27.2
2007-08-02,27.8
2007-08-03,27.5
2007-08-04,24.5
2007-08-05,24.8
2007-08-06,25.7
2007-08-07,23.8
2007-08-08,25.3
2007-08-09,26.1
2007-08-10,27.7
2007-08-11,28.7
2007-08-12,26.2
2007-08-13,27.6
2007-08-14,25.8
2007-08-15,26.4
2007-08-16,27.2
2007-08-17,27.6
2007-08-18,26.9
2007-08-19,27.3
2007-08-20,27.2
2007-08-21,27.4
2007-08-22,27.5
2007-08-23,26.9
2007-08-24,27.2
2007-08-25,28.3
2007-08-26,28
2007-08-27,26.7
2007-08-28,26.7
2007-08-29,23.3
2007-08-30,23.2
2007-08-31,23.7
2007-09-01,20.4
2007-09-02,20.7
2007-09-03,22.6
2007-09-04,22.4
2007-09-05,21.3
2007-09-06,17.8
2007-09-07,21.2
2007-09-08,21.8
2007-09-09,21.9
2007-09-10,23.7
2007-09-11,24.2
2007-09-12,24
2007-09-13,24.2
2007-09-14,22
2007-09-15,20.5
2007-09-16,21.1
2007-09-17,23.1
2007-09-18,20.4
2007-09-19,22.4
2007-09-20,25.6
2007-09-21,22.1
2007-09-22,20.2
2007-09-23,21.7
2007-09-24,22.5
2007-09-25,22.2
2007-09-26,22.1
2007-09-27,21
2007-09-28,17.2
2007-09-29,18.1
2007-09-30,17.9
2008-05-01,19.8
2008-05-02,20.3
2008-05-03,21.1
2008-05-04,18.3
2008-05-05,15.8
2008-05-06,17.2
2008-05-07,15.8
2008-05-08,18.7
2008-05-09,18.5
2008-05-10,15.7
2008-05-11,16
2008-05-12,15.9
2008-05-13,12.3
2008-05-14,13.1
2008-05-15,14.4
2008-05-16,15.7
2008-05-17,17.6
2008-05-18,13.5
2008-05-19,13
2008-05-20,15.1
2008-05-21,16.8
2008-05-22,20.5
2008-05-23,21.5
2008-05-24,23
2008-05-25,20.7
2008-05-26,18.7
2008-05-27,21.5
2008-05-28,18.6
2008-05-29,22.3
2008-05-30,18
2008-05-31,17.9
2008-06-01,21.6
2008-06-02,18.9
2008-06-03,18.7
2008-06-04,16.9
2008-06-05,14.9
2008-06-06,16.7
2008-06-07,19.1
2008-06-08,18.9
2008-06-09,21
2008-06-10,22.7
2008-06-11,24.5
2008-06-12,23.3
2008-06-13,21.5
2008-06-14,23.9
2008-06-15,22.5
2008-06-16,23
2008-06-17,22.6
2008-06-18,19.1
2008-06-19,20.3
2008-06-20,24.3
2008-06-21,24.6
2008-06-22,22.6
2008-06-23,22.8
2008-06-24,23.4
2008-06-25,23.6
2008-06-26,23.3
2008-06-27,23.7
2008-06-28,22.6
2008-06-29,22.1
2008-06-30,22.5
2008-07-01,24.8
2008-07-02,22.4
2008-07-03,21.9
2008-07-04,24.3
2008-07-05,24.5
2008-07-06,25.5
2008-07-07,24.7
2008-07-08,27.6
2008-07-09,27.5
2008-07-10,26.3
2008-07-11,27
2008-07-12,24.5
2008-07-13,25.8
2008-07-14,27.3
2008-07-15,28.1
2008-07-16,24.8
2008-07-17,25.3
2008-07-18,26.2
2008-07-19,23.8
2008-07-20,24.7
2008-07-21,23
2008-07-22,24.7
2008-07-23,23.8
2008-07-24,22.4
2008-07-25,23.1
2008-07-26,22.2
2008-07-27,25.1
2008-07-28,26.9
2008-07-29,28
2008-07-30,26.1
2008-07-31,26.7
2008-08-01,27.7
2008-08-02,26.1
2008-08-03,25.5
2008-08-04,25.5
2008-08-05,26.3
2008-08-06,27.8
2008-08-07,28.7
2008-08-08,30
2008-08-09,28
2008-08-10,30.1
2008-08-11,28.2
2008-08-12,25.3
2008-08-13,27
2008-08-14,27.3
2008-08-15,25.7
2008-08-16,21.7
2008-08-17,24.2
2008-08-18,22.9
2008-08-19,23.9
2008-08-20,23.1
2008-08-21,23.4
2008-08-22,17.9
2008-08-23,21.5
2008-08-24,23.6
2008-08-25,24.4
2008-08-26,24
2008-08-27,24
2008-08-28,24.6
2008-08-29,25.2
2008-08-30,25.7
2008-08-31,25.2
2008-09-01,19.7
2008-09-02,21.9
2008-09-03,23.2
2008-09-04,24
2008-09-05,22.6
2008-09-06,24.2
2008-09-07,25.2
2008-09-08,25.4
2008-09-09,24.9
2008-09-10,24.3
2008-09-11,21.9
2008-09-12,24.1
2008-09-13,23.3
2008-09-14,24.4
2008-09-15,25.1
2008-09-16,24.4
2008-09-17,25.1
2008-09-18,25.5
2008-09-19,25.3
2008-09-20,21.7
2008-09-21,23.5
2008-09-22,22.3
2008-09-23,21.8
2008-09-24,21.5
2008-09-25,16.2
2008-09-26,14.6
2008-09-27,14.8
2008-09-28,15.5
2008-09-29,17.4
2008-09-30,17.6
2009-05-01,17.4
2009-05-02,15.4
2009-05-03,16.6
2009-05-04,14.7
2009-05-05,18.1
2009-05-06,22.4
2009-05-07,21.3
2009-05-08,21.2
2009-05-09,21.7
2009-05-10,20.3
2009-05-11,17
2009-05-12,18.6
2009-05-13,17.9
2009-05-14,18.9
2009-05-15,18.3
2009-05-16,13.7
2009-05-17,14.3
2009-05-18,16.9
2009-05-19,19.3
2009-05-20,21.6
2009-05-21,15.8
2009-05-22,18
2009-05-23,16.5
2009-05-24,19.5
2009-05-25,22.5
2009-05-26,23.1
2009-05-27,23.9
2009-05-28,24.2
2009-05-29,22.8
2009-05-30,21.3
2009-05-31,19.7
2009-06-01,21.7
2009-06-02,21.7
2009-06-03,19.1
2009-06-04,21.2
2009-06-05,22.5
2009-06-06,22.2
2009-06-07,19.1
2009-06-08,20.9
2009-06-09,19.4
2009-06-10,18.8
2009-06-11,21
2009-06-12,19.4
2009-06-13,20.2
2009-06-14,20.4
2009-06-15,21.6
2009-06-16,21.8
2009-06-17,21.1
2009-06-18,25.1
2009-06-19,25.1
2009-06-20,22.7
2009-06-21,25.1
2009-06-22,23
2009-06-23,23.4
2009-06-24,24.5
2009-06-25,24.8
2009-06-26,24.4
2009-06-27,26.1
2009-06-28,26
2009-06-29,26.1
2009-06-30,24.4
2009-07-01,23.5
2009-07-02,20.7
2009-07-03,22.5
2009-07-04,22.8
2009-07-05,24.6
2009-07-06,25
2009-07-07,24.9
2009-07-08,26.3
2009-07-09,21.8
2009-07-10,23.8
2009-07-11,24.6
2009-07-12,20.7
2009-07-13,23.2
2009-07-14,23
2009-07-15,23.1
2009-07-16,26.7
2009-07-17,24.8
2009-07-18,25.1
2009-07-19,24.6
2009-07-20,25.5
2009-07-21,25.4
2009-07-22,25.1
2009-07-23,25.4
2009-07-24,24.8
2009-07-25,22.5
2009-07-26,24.8
2009-07-27,24.8
2009-07-28,24.6
2009-07-29,25.5
2009-07-30,26.5
2009-07-31,26.7
2009-08-01,25.4
2009-08-02,25.8
2009-08-03,25.2
2009-08-04,26.9
2009-08-05,27.6
2009-08-06,26.6
2009-08-07,25.8
2009-08-08,26.5
2009-08-09,28.7
2009-08-10,27.8
2009-08-11,23.8
2009-08-12,23.5
2009-08-13,26.3
2009-08-14,27.6
2009-08-15,27.9
2009-08-16,29.1
2009-08-17,26.8
2009-08-18,27.4
2009-08-19,28.1
2009-08-20,26.1
2009-08-21,25.2
2009-08-22,25.2
2009-08-23,25.9
2009-08-24,25.6
2009-08-25,24.3
2009-08-26,24.2
2009-08-27,24.1
2009-08-28,24.1
2009-08-29,22.2
2009-08-30,20.5
2009-08-31,22.6
2009-09-01,23.7
2009-09-02,23.4
2009-09-03,23.2
2009-09-04,24.3
2009-09-05,25
2009-09-06,25.2
2009-09-07,23.7
2009-09-08,23.4
2009-09-09,23.2
2009-09-10,22.3
2009-09-11,20.8
2009-09-12,19.1
2009-09-13,20.7
2009-09-14,20.1
2009-09-15,20.9
2009-09-16,21
2009-09-17,21.2
2009-09-18,22.4
2009-09-19,21.8
2009-09-20,21.3
2009-09-21,18.6
2009-09-22,19.2
2009-09-23,20.5
2009-09-24,20.4
2009-09-25,20
2009-09-26,21.2
2009-09-27,20.8
2009-09-28,20.9
2009-09-29,21.5
2009-09-30,22.7
2010-05-01,12.3
2010-05-02,17.2
2010-05-03,18.2
2010-05-04,20.2
2010-05-05,20.6
2010-05-06,13.4
2010-05-07,14.6
2010-05-08,16.7
2010-05-09,19
2010-05-10,16.1
2010-05-11,12.9
2010-05-12,13.8
2010-05-13,16
2010-05-14,18
2010-05-15,17
2010-05-16,18.2
2010-05-17,20.3
2010-05-18,17.3
2010-05-19,17.1
2010-05-20,19.5
2010-05-21,22.1
2010-05-22,20.1
2010-05-23,16.1
2010-05-24,13.1
2010-05-25,14.9
2010-05-26,17.4
2010-05-27,17.4
2010-05-28,17.3
2010-05-29,18.7
2010-05-30,18.9
2010-05-31,17.3
2010-06-01,19.1
2010-06-02,21
2010-06-03,21.1
2010-06-04,22.3
2010-06-05,23.3
2010-06-06,24.9
2010-06-07,25.4
2010-06-08,25.7
2010-06-09,26
2010-06-10,26.5
2010-06-11,25.6
2010-06-12,17.9
2010-06-13,22
2010-06-14,22.8
2010-06-15,24.4
2010-06-16,22.3
2010-06-17,24
2010-06-18,25.9
2010-06-19,23
2010-06-20,23
2010-06-21,22.2
2010-06-22,21.6
2010-06-23,23
2010-06-24,24.4
2010-06-25,26.7
2010-06-26,24.8
2010-06-27,21.8
2010-06-28,24.6
2010-06-29,23.9
2010-06-30,22.8
2010-07-01,26.1
2010-07-02,24.9
2010-07-03,24.1
2010-07-04,26.5
2010-07-05,26.1
2010-07-06,26
2010-07-07,25.6
2010-07-08,24.7
2010-07-09,24.9
2010-07-10,25.6
2010-07-11,23.8
2010-07-12,25.1
2010-07-13,26.1
2010-07-14,24.8
2010-07-15,26
2010-07-16,23.7
2010-07-17,23.2
2010-07-18,25.9
2010-07-19,26.7
2010-07-20,28.2
2010-07-21,27.8
2010-07-22,27.1
2010-07-23,24.4
2010-07-24,25.6
2010-07-25,26
2010-07-26,25.4
2010-07-27,26.9
2010-07-28,27
2010-07-29,26.8
2010-07-30,27
2010-07-31,27
2010-08-01,27.5
2010-08-02,27.3
2010-08-03,27.6
2010-08-04,28.1
2010-08-05,29.2
2010-08-06,28.3
2010-08-07,26.2
2010-08-08,27.3
2010-08-09,28.6
2010-08-10,26.5
2010-08-11,28.2
2010-08-12,23.7
2010-08-13,26
2010-08-14,26.9
2010-08-15,26.6
2010-08-16,24.8
2010-08-17,26.3
2010-08-18,26
2010-08-19,28.5
2010-08-20,28.6
2010-08-21,28.6
2010-08-22,28.7
2010-08-23,26.4
2010-08-24,23.7
2010-08-25,21.6
2010-08-26,24
2010-08-27,25.8
2010-08-28,25.5
2010-08-29,23.7
2010-08-30,25.8
2010-08-31,24.9
2010-09-01,26
2010-09-02,24
2010-09-03,25.4
2010-09-04,26.8
2010-09-05,25.1
2010-09-06,25.5
2010-09-07,26.3
2010-09-08,22.7
2010-09-09,20.9
2010-09-10,24
2010-09-11,23.7
2010-09-12,22.8
2010-09-13,23.9
2010-09-14,24
2010-09-15,24.7
2010-09-16,24.5
2010-09-17,24.3
2010-09-18,25.2
2010-09-19,20.8
2010-09-20,21.7
2010-09-21,21.4
2010-09-22,16.7
2010-09-23,17
2010-09-24,17.6
2010-09-25,18.6
2010-09-26,18.6
2010-09-27,19
2010-09-28,15.6
2010-09-29,13
2010-09-30,14.6
2011-05-01,12.5
2011-05-02,14.2
2011-05-03,15.3
2011-05-04,15.9
2011-05-05,17.5
2011-05-06,15.4
2011-05-07,14.5
2011-05-08,17.3
2011-05-09,17.6
2011-05-10,16.5
2011-05-11,17.2
2011-05-12,15.7
2011-05-13,14.6
2011-05-14,17.2
2011-05-15,17.2
2011-05-16,16.4
2011-05-17,17.5
2011-05-18,20.5
2011-05-19,20.7
2011-05-20,17.5
2011-05-21,14.5
2011-05-22,17.3
2011-05-23,19.5
2011-05-24,21.5
2011-05-25,22.7
2011-05-26,20.7
2011-05-27,20.1
2011-05-28,22.4
2011-05-29,24.4
2011-05-30,22.7
2011-05-31,18.7
2011-06-01,18
2011-06-02,19
2011-06-03,19
2011-06-04,18.7
2011-06-05,20.4
2011-06-06,20.9
2011-06-07,20.9
2011-06-08,22
2011-06-09,19.4
2011-06-10,21.4
2011-06-11,24
2011-06-12,23.4
2011-06-13,21
2011-06-14,22.8
2011-06-15,25.2
2011-06-16,26.5
2011-06-17,24.9
2011-06-18,24.5
2011-06-19,26.6
2011-06-20,26.6
2011-06-21,24.1
2011-06-22,22.7
2011-06-23,22
2011-06-24,19.7
2011-06-25,18.3
2011-06-26,19.2
2011-06-27,19.2
2011-06-28,24.1
2011-06-29,21
2011-06-30,23.8
2011-07-01,25.1
2011-07-02,24.7
2011-07-03,22.6
2011-07-04,22.5
2011-07-05,24.3
2011-07-06,25.6
2011-07-07,22.9
2011-07-08,22.4
2011-07-09,23.6
2011-07-10,24.2
2011-07-11,21.2
2011-07-12,22.8
2011-07-13,24.3
2011-07-14,23.6
2011-07-15,23.4
2011-07-16,22.8
2011-07-17,25.1
2011-07-18,28.7
2011-07-19,28.5
2011-07-20,27.6
2011-07-21,27.1
2011-07-22,24.1
2011-07-23,25.4
2011-07-24,24.8
2011-07-25,24.9
2011-07-26,24.8
2011-07-27,24
2011-07-28,24.7
2011-07-29,26.2
2011-07-30,27.2
2011-07-31,24.7
2011-08-01,25.6
2011-08-02,26.1
2011-08-03,25.4
2011-08-04,25.4
2011-08-05,28.9
2011-08-06,28.5
2011-08-07,28.7
2011-08-08,24.7
2011-08-09,26
2011-08-10,25.8
2011-08-11,26.6
2011-08-12,25.3
2011-08-13,25.3
2011-08-14,25
2011-08-15,24.5
2011-08-16,25
2011-08-17,23.7
2011-08-18,25.2
2011-08-19,24.4
2011-08-20,23.1
2011-08-21,24.4
2011-08-22,23.5
2011-08-23,24.3
2011-08-24,24.8
2011-08-25,25.7
2011-08-26,26.4
2011-08-27,27.6
2011-08-28,27.3
2011-08-29,26.8
2011-08-30,27.1
2011-08-31,27.9
2011-09-01,27
2011-09-02,26.9
2011-09-03,25.1
2011-09-04,23.7
2011-09-05,23.8
2011-09-06,23.4
2011-09-07,22.6
2011-09-08,22.3
2011-09-09,19.9
2011-09-10,21.5
2011-09-11,21.2
2011-09-12,23.3
2011-09-13,25
2011-09-14,24.4
2011-09-15,25.7
2011-09-16,25.6
2011-09-17,25.8
2011-09-18,21
2011-09-19,16.8
2011-09-20,17.7
2011-09-21,18.1
2011-09-22,18.1
2011-09-23,19.5
2011-09-24,19.6
2011-09-25,20
2011-09-26,21.2
2011-09-27,21.8
2011-09-28,19.8
2011-09-29,16.9
2011-09-30,14.8
2012-05-01,22.6
2012-05-02,23.1
2012-05-03,20
2012-05-04,19.7
2012-05-05,18.8
2012-05-06,18.1
2012-05-07,18.5
2012-05-08,20.8
2012-05-09,20.7
2012-05-10,20.1
2012-05-11,16.2
2012-05-12,17.1
2012-05-13,19.1
2012-05-14,16.1
2012-05-15,16.9
2012-05-16,16.6
2012-05-17,16.6
2012-05-18,18.1
2012-05-19,19.5
2012-05-20,21.3
2012-05-21,23
2012-05-22,23.3
2012-05-23,22.1
2012-05-24,19.7
2012-05-25,20.5
2012-05-26,19.8
2012-05-27,19.3
2012-05-28,20.9
2012-05-29,21.6
2012-05-30,20.7
2012-05-31,20.9
2012-06-01,21.4
2012-06-02,23.1
2012-06-03,23.3
2012-06-04,23.7
2012-06-05,22.5
2012-06-06,23
2012-06-07,23
2012-06-08,22.2
2012-06-09,24.2
2012-06-10,23.7
2012-06-11,23.2
2012-06-12,22.6
2012-06-13,23.4
2012-06-14,24.8
2012-06-15,23.7
2012-06-16,23.5
2012-06-17,23.6
2012-06-18,24.9
2012-06-19,26
2012-06-20,25.4
2012-06-21,25.7
2012-06-22,24.3
2012-06-23,26.2
2012-06-24,27.8
2012-06-25,26.5
2012-06-26,24.6
2012-06-27,24.8
2012-06-28,25.3
2012-06-29,25.9
2012-06-30,21.9
2012-07-01,21.6
2012-07-02,24
2012-07-03,22.7
2012-07-04,24.4
2012-07-05,22.7
2012-07-06,20.9
2012-07-07,24.8
2012-07-08,25.8
2012-07-09,26.3
2012-07-10,25.9
2012-07-11,23.3
2012-07-12,24.7
2012-07-13,26.1
2012-07-14,22.8
2012-07-15,19.7
2012-07-16,21.7
2012-07-17,25.5
2012-07-18,26.3
2012-07-19,23.9
2012-07-20,25.6
2012-07-21,27.5
2012-07-22,27.2
2012-07-23,27.6
2012-07-24,27.8
2012-07-25,27.9
2012-07-26,28.1
2012-07-27,27.9
2012-07-28,28.5
2012-07-29,29.2
2012-07-30,28.4
2012-07-31,29
2012-08-01,30.8
2012-08-02,30.8
2012-08-03,31.3
2012-08-04,31.7
2012-08-05,31.8
2012-08-06,31.5
2012-08-07,30.7
2012-08-08,29.6
2012-08-09,29.7
2012-08-10,27.4
2012-08-11,27.7
2012-08-12,25.5
2012-08-13,26.6
2012-08-14,26.7
2012-08-15,23.7
2012-08-16,26
2012-08-17,27.5
2012-08-18,27.2
2012-08-19,27.9
2012-08-20,25.4
2012-08-21,25.3
2012-08-22,22
2012-08-23,23
2012-08-24,23.3
2012-08-25,25
2012-08-26,27.5
2012-08-27,28.5
2012-08-28,26.1
2012-08-29,25.7
2012-08-30,21.4
2012-08-31,23.8
2012-09-01,25.2
2012-09-02,25
2012-09-03,24.9
2012-09-04,22
2012-09-05,22.3
2012-09-06,21.6
2012-09-07,22.5
2012-09-08,20.2
2012-09-09,20.9
2012-09-10,23.2
2012-09-11,22.8
2012-09-12,21.6
2012-09-13,20
2012-09-14,19.4
2012-09-15,21
2012-09-16,19.9
2012-09-17,17.3
2012-09-18,20.9
2012-09-19,20.6
2012-09-20,20.1
2012-09-21,20.1
2012-09-22,20.7
2012-09-23,21.2
2012-09-24,21.5
2012-09-25,21.8
2012-09-26,21.3
2012-09-27,20.3
2012-09-28,18
2012-09-29,16.4
2012-09-30,16.2
2013-05-01,13.2
2013-05-02,12.4
2013-05-03,12.6
2013-05-04,13.9
2013-05-05,14.3
2013-05-06,14.6
2013-05-07,18.7
2013-05-08,19.4
2013-05-09,18.1
2013-05-10,14
2013-05-11,17.9
2013-05-12,19.1
2013-05-13,21.6
2013-05-14,20.2
2013-05-15,19.4
2013-05-16,22
2013-05-17,20.2
2013-05-18,17.7
2013-05-19,16.6
2013-05-20,14.4
2013-05-21,17.7
2013-05-22,19.7
2013-05-23,22.1
2013-05-24,21.3
2013-05-25,24.7
2013-05-26,23.9
2013-05-27,19.7
2013-05-28,18.9
2013-05-29,16.1
2013-05-30,19.2
2013-05-31,21.3
2013-06-01,21.7
2013-06-02,23.5
2013-06-03,21.3
2013-06-04,22.8
2013-06-05,24.8
2013-06-06,25
2013-06-07,25.7
2013-06-08,26.4
2013-06-09,27.4
2013-06-10,27.5
2013-06-11,23.7
2013-06-12,20.5
2013-06-13,23
2013-06-14,24.6
2013-06-15,24.6
2013-06-16,22.5
2013-06-17,22.3
2013-06-18,21.7
2013-06-19,24.3
2013-06-20,25.8
2013-06-21,26.6
2013-06-22,25.1
2013-06-23,22.9
2013-06-24,23.5
2013-06-25,25.1
2013-06-26,24.5
2013-06-27,25.1
2013-06-28,25.5
2013-06-29,27.2
2013-06-30,27.7
2013-07-01,27.1
2013-07-02,24.3
2013-07-03,25.2
2013-07-04,24.9
2013-07-05,25.6
2013-07-06,25.2
2013-07-07,24.9
2013-07-08,24.3
2013-07-09,24.5
2013-07-10,25.3
2013-07-11,24.6
2013-07-12,23.6
2013-07-13,24.2
2013-07-14,24.1
2013-07-15,26.5
2013-07-16,26.9
2013-07-17,24.2
2013-07-18,25.1
2013-07-19,26.8
2013-07-20,27
2013-07-21,26.8
2013-07-22,26.4
2013-07-23,25.7
2013-07-24,24.7
2013-07-25,26
2013-07-26,26.5
2013-07-27,26.2
2013-07-28,25.3
2013-07-29,26.5
2013-07-30,26.3
2013-07-31,26.4
2013-08-01,28
2013-08-02,27.4
2013-08-03,28.9
2013-08-04,28.3
2013-08-05,27.7
2013-08-06,26.4
2013-08-07,28.7
2013-08-08,29.3
2013-08-09,29.2
2013-08-10,28
2013-08-11,28.7
2013-08-12,29.3
2013-08-13,29
2013-08-14,28.6
2013-08-15,28.7
2013-08-16,28.7
2013-08-17,28.7
2013-08-18,28.3
2013-08-19,28.2
2013-08-20,27.4
2013-08-21,28.8
2013-08-22,29.3
2013-08-23,25.7
2013-08-24,26.6
2013-08-25,27.1
2013-08-26,27
2013-08-27,25.6
2013-08-28,26.4
2013-08-29,25.5
2013-08-30,25.1
2013-08-31,24
2013-09-01,23.5
2013-09-02,22.4
2013-09-03,21.7
2013-09-04,22
2013-09-05,21.2
2013-09-06,20.8
2013-09-07,21.9
2013-09-08,22.9
2013-09-09,23
2013-09-10,22
2013-09-11,20.1
2013-09-12,23
2013-09-13,22.9
2013-09-14,23.1
2013-09-15,23.4
2013-09-16,20.9
2013-09-17,22.6
2013-09-18,24.4
2013-09-19,24.7
2013-09-20,23.4
2013-09-21,23.8
2013-09-22,23.1
2013-09-23,23.8
2013-09-24,22
2013-09-25,19.5
2013-09-26,17.3
2013-09-27,17.9
2013-09-28,17.4
2013-09-29,17.2
2013-09-30,20.7
2014-05-01,16
2014-05-02,15.7
2014-05-03,13.1
2014-05-04,12.3
2014-05-05,11.3
2014-05-06,13.1
2014-05-07,15.7
2014-05-08,14.5
2014-05-09,16.8
2014-05-10,20.5
2014-05-11,18.9
2014-05-12,16.4
2014-05-13,19.2
2014-05-14,19.6
2014-05-15,18.2
2014-05-16,19
2014-05-17,20
2014-05-18,20.3
2014-05-19,20
2014-05-20,21.5
2014-05-21,20.1
2014-05-22,20.9
2014-05-23,22
2014-05-24,21.3
2014-05-25,20.5
2014-05-26,19.4
2014-05-27,22.8
2014-05-28,24
2014-05-29,23.2
2014-05-30,24.8
2014-05-31,26.2
2014-06-01,24.7
2014-06-02,22.6
2014-06-03,18.7
2014-06-04,22.8
2014-06-05,22.9
2014-06-06,24.4
2014-06-07,23.5
2014-06-08,21.4
2014-06-09,22.9
2014-06-10,23.6
2014-06-11,20.5
2014-06-12,21.2
2014-06-13,21.3
2014-06-14,22.5
2014-06-15,23.2
2014-06-16,23.9
2014-06-17,24.5
2014-06-18,24.4
2014-06-19,22.5
2014-06-20,24.2
2014-06-21,23.1
2014-06-22,23.7
2014-06-23,21
2014-06-24,22.9
2014-06-25,23.8
2014-06-26,24.4
2014-06-27,24.1
2014-06-28,23.8
2014-06-29,24.1
2014-06-30,25.3
2014-07-01,26
2014-07-02,25.7
2014-07-03,22.6
2014-07-04,26.8
2014-07-05,25.7
2014-07-06,25.7
2014-07-07,27.1
2014-07-08,25.9
2014-07-09,27.6
2014-07-10,28.9
2014-07-11,27.1
2014-07-12,25.3
2014-07-13,25.4
2014-07-14,26.4
2014-07-15,26.8
2014-07-16,26.6
2014-07-17,25.9
2014-07-18,26.1
2014-07-19,27
2014-07-20,27.9
2014-07-21,27.3
2014-07-22,25.9
2014-07-23,23.6
2014-07-24,21.9
2014-07-25,27.5
2014-07-26,22.6
2014-07-27,25
2014-07-28,26.6
2014-07-29,26.5
2014-07-30,28.6
2014-07-31,28.6
2014-08-01,30.2
2014-08-02,31.4
2014-08-03,26.5
2014-08-04,26.4
2014-08-05,26.6
2014-08-06,24.4
2014-08-07,24.7
2014-08-08,26.1
2014-08-09,26.5
2014-08-10,23.4
2014-08-11,23.7
2014-08-12,25.8
2014-08-13,24.2
2014-08-14,22.3
2014-08-15,24.9
2014-08-16,26.1
2014-08-17,24
2014-08-18,22.3
2014-08-19,22.3
2014-08-20,24.8
2014-08-21,23.1
2014-08-22,24.7
2014-08-23,25.2
2014-08-24,25.6
2014-08-25,25.9
2014-08-26,25.4
2014-08-27,24.6
2014-08-28,25.1
2014-08-29,25.2
2014-08-30,24.6
2014-08-31,24.1
2014-09-01,24.1
2014-09-02,23.1
2014-09-03,19.1
2014-09-04,22.4
2014-09-05,23.8
2014-09-06,25.2
2014-09-07,25.3
2014-09-08,24.8
2014-09-09,23.3
2014-09-10,22.4
2014-09-11,23.3
2014-09-12,21.3
2014-09-13,23.1
2014-09-14,23
2014-09-15,23.1
2014-09-16,21.3
2014-09-17,20.2
2014-09-18,20.6
2014-09-19,21.4
2014-09-20,21.6
2014-09-21,20.2
2014-09-22,21.4
2014-09-23,23
2014-09-24,20.3
2014-09-25,22.2
2014-09-26,21
2014-09-27,21.4
2014-09-28,21.7
2014-09-29,19.4
2014-09-30,18.9
2015-05-01,21
2015-05-02,20.7
2015-05-03,18.3
2015-05-04,16.1
2015-05-05,14.2
2015-05-06,15.4
2015-05-07,16.5
2015-05-08,16.7
2015-05-09,17.6
2015-05-10,19.1
2015-05-11,18.4
2015-05-12,13.3
2015-05-13,17.4
2015-05-14,20.4
2015-05-15,19.1
2015-05-16,18
2015-05-17,18.6
2015-05-18,17.7
2015-05-19,14.8
2015-05-20,16.3
2015-05-21,18.7
2015-05-22,20
2015-05-23,20.6
2015-05-24,21
2015-05-25,20.8
2015-05-26,21.5
2015-05-27,23.2
2015-05-28,24.3
2015-05-29,23.8
2015-05-30,19.8
2015-05-31,22.1
2015-06-01,21.7
2015-06-02,23.1
2015-06-03,23.3
2015-06-04,24.2
2015-06-05,19.1
2015-06-06,22.4
2015-06-07,23.4
2015-06-08,22.4
2015-06-09,22.2
2015-06-10,25.3
2015-06-11,24.6
2015-06-12,23.6
2015-06-13,24.7
2015-06-14,22.8
2015-06-15,24.2
2015-06-16,25
2015-06-17,23.4
2015-06-18,24.8
2015-06-19,24.5
2015-06-20,19.6
2015-06-21,22.4
2015-06-22,24
2015-06-23,24.7
2015-06-24,25.7
2015-06-25,24.8
2015-06-26,21
2015-06-27,25.2
2015-06-28,25.4
2015-06-29,25.7
2015-06-30,24.4
2015-07-01,23.7
2015-07-02,23.7
2015-07-03,23.3
2015-07-04,24.1
2015-07-05,24.2
2015-07-06,25.3
2015-07-07,25.6
2015-07-08,23.4
2015-07-09,26.5
2015-07-10,29.2
2015-07-11,30.4
2015-07-12,24.8
2015-07-13,23.1
2015-07-14,26.1
2015-07-15,27.9
2015-07-16,24.7
2015-07-17,23.6
2015-07-18,24.3
2015-07-19,25.1
2015-07-20,27.5
2015-07-21,27
2015-07-22,27.7
2015-07-23,26.9
2015-07-24,24.7
2015-07-25,25
2015-07-26,26
2015-07-27,26.2
2015-07-28,27.7
2015-07-29,26.7
2015-07-30,28.6
2015-07-31,27.9
2015-08-01,28.2
2015-08-02,26.5
2015-08-03,27.9
2015-08-04,27.5
2015-08-05,28.6
2015-08-06,29.3
2015-08-07,28.9
2015-08-08,26.6
2015-08-09,26.7
2015-08-10,27
2015-08-11,26.8
2015-08-12,27.3
2015-08-13,26.5
2015-08-14,26.9
2015-08-15,27.1
2015-08-16,25.8
2015-08-17,26.6
2015-08-18,27.9
2015-08-19,26.8
2015-08-20,25.4
2015-08-21,25.2
2015-08-22,25.5
2015-08-23,26.3
2015-08-24,26.3
2015-08-25,21.7
2015-08-26,21.9
2015-08-27,24.7
2015-08-28,23.2
2015-08-29,24.4
2015-08-30,24.9
2015-08-31,25.9
2015-09-01,25.9
2015-09-02,23.9
2015-09-03,23.9
2015-09-04,24.8
2015-09-05,21.9
2015-09-06,22.2
2015-09-07,22.6
2015-09-08,22.7
2015-09-09,22.4
2015-09-10,22.4
2015-09-11,21
2015-09-12,19.2
2015-09-13,20.2
2015-09-14,22.1
2015-09-15,22.8
2015-09-16,21.6
2015-09-17,21.4
2015-09-18,21.9
2015-09-19,22.3
2015-09-20,22.1
2015-09-21,22.6
2015-09-22,23.9
2015-09-23,22
2015-09-24,23.4
2015-09-25,23.4
2015-09-26,22.4
2015-09-27,21.9
2015-09-28,21.4
2015-09-29,22.1
2015-09-30,21.3
2016-05-01,18.8
2016-05-02,21.1
2016-05-03,12.9
2016-05-04,15.7
2016-05-05,18.9
2016-05-06,16.3
2016-05-07,16.5
2016-05-08,19.4
2016-05-09,20.2
2016-05-10,14.5
2016-05-11,16.4
2016-05-12,17.8
2016-05-13,18.6
2016-05-14,20.2
2016-05-15,17.4
2016-05-16,15.9
2016-05-17,19.3
2016-05-18,22.3
2016-05-19,24.3
2016-05-20,24
2016-05-21,24.1
2016-05-22,24.7
2016-05-23,23.3
2016-05-24,16.8
2016-05-25,19.7
2016-05-26,19.4
2016-05-27,20.9
2016-05-28,21.7
2016-05-29,21.5
2016-05-30,22.1
2016-05-31,21.6
2016-06-01,23.3
2016-06-02,23.2
2016-06-03,22.2
2016-06-04,21.2
2016-06-05,24.7
2016-06-06,23.3
2016-06-07,21.7
2016-06-08,22.1
2016-06-09,24.1
2016-06-10,24.6
2016-06-11,23.5
2016-06-12,23.5
2016-06-13,23.5
2016-06-14,23.8
2016-06-15,20.9
2016-06-16,20.9
2016-06-17,23.8
2016-06-18,24.5
2016-06-19,24.1
2016-06-20,24.7
2016-06-21,26
2016-06-22,24.3
2016-06-23,24.7
2016-06-24,23.1
2016-06-25,22.8
2016-06-26,24.4
2016-06-27,24.4
2016-06-28,24.7
2016-06-29,25.3
2016-06-30,24.6
2016-07-01,24
2016-07-02,23.5
2016-07-03,23.5
2016-07-04,21.8
2016-07-05,23.1
2016-07-06,22.9
2016-07-07,24
2016-07-08,27.3
2016-07-09,27.7
2016-07-10,27.9
2016-07-11,28.4
2016-07-12,26.3
2016-07-13,26.3
2016-07-14,27.5
2016-07-15,26.2
2016-07-16,20.8
2016-07-17,21.7
2016-07-18,24.4
2016-07-19,27.1
2016-07-20,28.6
2016-07-21,28.3
2016-07-22,29.1
2016-07-23,28.7
2016-07-24,28
2016-07-25,28.4
2016-07-26,28.4
2016-07-27,27.6
2016-07-28,28
2016-07-29,26.3
2016-07-30,28.6
2016-07-31,28.9
2016-08-01,28.4
2016-08-02,27.2
2016-08-03,29.1
2016-08-04,30.7
2016-08-05,31.2
2016-08-06,30.5
2016-08-07,30.6
2016-08-08,30.5
2016-08-09,29.3
2016-08-10,29.4
2016-08-11,30.5
2016-08-12,30.4
2016-08-13,30.2
2016-08-14,28.9
2016-08-15,29.1
2016-08-16,29.3
2016-08-17,29.9
2016-08-18,29.9
2016-08-19,28.9
2016-08-20,30.1
2016-08-21,30.7
2016-08-22,30.7
2016-08-23,28.3
2016-08-24,29.1
2016-08-25,27.1
2016-08-26,23
2016-08-27,23.4
2016-08-28,21
2016-08-29,22.2
2016-08-30,20.6
2016-08-31,17.7
2016-09-01,23.2
2016-09-02,24.2
2016-09-03,23.9
2016-09-04,25.6
2016-09-05,26.4
2016-09-06,24.7
2016-09-07,24.3
2016-09-08,23
2016-09-09,23.9
2016-09-10,24.4
2016-09-11,24.5
2016-09-12,23.4
2016-09-13,24.6
2016-09-14,24.6
2016-09-15,23.9
2016-09-16,24.6
2016-09-17,23.1
2016-09-18,23.5
2016-09-19,21.9
2016-09-20,20.6
2016-09-21,20.2
2016-09-22,21.9
2016-09-23,21.4
2016-09-24,22.3
2016-09-25,23
2016-09-26,23.6
2016-09-27,21
2016-09-28,19.9
2016-09-29,20.4
2016-09-30,20.5
2017-05-01,20.1
2017-05-02,20.7
2017-05-03,21.5
2017-05-04,21
2017-05-05,20.9
2017-05-06,14.9
2017-05-07,16.6
2017-05-08,17.9
2017-05-09,17.1
2017-05-10,16.4
2017-05-11,19.3
2017-05-12,19.1
2017-05-13,16.4
2017-05-14,15.7
2017-05-15,16
2017-05-16,17.1
2017-05-17,18.6
2017-05-18,20.4
2017-05-19,21.1
2017-05-20,20.9
2017-05-21,21.5
2017-05-22,21.8
2017-05-23,20
2017-05-24,21.8
2017-05-25,19.2
2017-05-26,17.7
2017-05-27,19.5
2017-05-28,21.2
2017-05-29,22.9
2017-05-30,23.6
2017-05-31,23.3
2017-06-01,23.3
2017-06-02,20.5
2017-06-03,20.5
2017-06-04,21.7
2017-06-05,24.2
2017-06-06,19.4
2017-06-07,17.6
2017-06-08,20.1
2017-06-09,21.2
2017-06-10,21.5
2017-06-11,22.8
2017-06-12,22.1
2017-06-13,21.5
2017-06-14,21.8
2017-06-15,23.1
2017-06-16,25.5
2017-06-17,24.2
2017-06-18,24.3
2017-06-19,24.8
2017-06-20,26
2017-06-21,25.4
2017-06-22,25.3
2017-06-23,26.7
2017-06-24,24.5
2017-06-25,23.8
2017-06-26,23.1
2017-06-27,25.2
2017-06-28,26
2017-06-29,26.2
2017-06-30,25.9
2017-07-01,25.3
2017-07-02,24.3
2017-07-03,24.7
2017-07-04,26.7
2017-07-05,27.4
2017-07-06,27.6
2017-07-07,26.4
2017-07-08,26
2017-07-09,26.3
2017-07-10,24
2017-07-11,26
2017-07-12,27.1
2017-07-13,27.6
2017-07-14,28.7
2017-07-15,25
2017-07-16,26.2
2017-07-17,26.8
2017-07-18,26.5
2017-07-19,28.3
2017-07-20,29.9
2017-07-21,29.8
2017-07-22,29.3
2017-07-23,27
2017-07-24,26.2
2017-07-25,29.4
2017-07-26,28.7
2017-07-27,27.1
2017-07-28,25.5
2017-07-29,27.2
2017-07-30,27.9
2017-07-31,25.7
2017-08-01,28.6
2017-08-02,30
2017-08-03,30.2
2017-08-04,30.3
2017-08-05,31.4
2017-08-06,29.8
2017-08-07,29.2
2017-08-08,28.2
2017-08-09,27.6
2017-08-10,24.8
2017-08-11,27
2017-08-12,27.8
2017-08-13,26.3
2017-08-14,24.6
2017-08-15,21.9
2017-08-16,23.3
2017-08-17,24.8
2017-08-18,26.3
2017-08-19,26.1
2017-08-20,23.2
2017-08-21,25.8
2017-08-22,27.3
2017-08-23,27.2
2017-08-24,26.5
2017-08-25,25.3
2017-08-26,24.2
2017-08-27,22.7
2017-08-28,21.5
2017-08-29,19.5
2017-08-30,19.8
2017-08-31,22.2
2017-09-01,23.3
2017-09-02,23.8
2017-09-03,23.7
2017-09-04,24.6
2017-09-05,21.9
2017-09-06,20.6
2017-09-07,22.4
2017-09-08,24.3
2017-09-09,23.8
2017-09-10,23
2017-09-11,21.2
2017-09-12,22.1
2017-09-13,21.4
2017-09-14,22.4
2017-09-15,22.6
2017-09-16,22
2017-09-17,23.1
2017-09-18,21.9
2017-09-19,22.6
2017-09-20,19.5
2017-09-21,20.3
2017-09-22,20.6
2017-09-23,21.8
2017-09-24,22.4
2017-09-25,23.4
2017-09-26,25.1
2017-09-27,22.7
2017-09-28,19.2
2017-09-29,17.4
2017-09-30,20
2018-05-01,20.4
2018-05-02,15.1
2018-05-03,11.2
2018-05-04,14.1
2018-05-05,18.3
2018-05-06,16.6
2018-05-07,19.2
2018-05-08,17.5
2018-05-09,15.7
2018-05-10,15.4
2018-05-11,16.1
2018-05-12,14.2
2018-05-13,15.8
2018-05-14,18.2
2018-05-15,23.2
2018-05-16,22.3
2018-05-17,20.9
2018-05-18,16.3
2018-05-19,17.6
2018-05-20,17
2018-05-21,17.8
2018-05-22,18.1
2018-05-23,17.3
2018-05-24,18.3
2018-05-25,19.7
2018-05-26,21.8
2018-05-27,20.3
2018-05-28,22.3
2018-05-29,21.4
2018-05-30,20.2
2018-05-31,20.9
2018-06-01,23.8
2018-06-02,23.4
2018-06-03,24
2018-06-04,22.6
2018-06-05,23.7
2018-06-06,23
2018-06-07,22.2
2018-06-08,21.9
2018-06-09,23.7
2018-06-10,21.3
2018-06-11,20.2
2018-06-12,21.3
2018-06-13,22
2018-06-14,21.6
2018-06-15,21.7
2018-06-16,22.5
2018-06-17,22.8
2018-06-18,24.8
2018-06-19,22.4
2018-06-20,22.7
2018-06-21,23.7
2018-06-22,25
2018-06-23,24.5
2018-06-24,25.2
2018-06-25,27.1
2018-06-26,22.3
2018-06-27,22.3
2018-06-28,23.3
2018-06-29,24.7
2018-06-30,24.4
2018-07-01,21.9
2018-07-02,22.6
2018-07-03,27.4
2018-07-04,27.3
2018-07-05,25.3
2018-07-06,23.9
2018-07-07,23.7
2018-07-08,23.3
2018-07-09,20.8
2018-07-10,23.7
2018-07-11,26.8
2018-07-12,26.6
2018-07-13,27.3
2018-07-14,27.9
2018-07-15,28.3
2018-07-16,28.7
2018-07-17,28.1
2018-07-18,28.2
2018-07-19,28.7
2018-07-20,29.5
2018-07-21,30.6
2018-07-22,31.8
2018-07-23,31.7
2018-07-24,31.4
2018-07-25,30.1
2018-07-26,30.1
2018-07-27,30.9
2018-07-28,29.5
2018-07-29,31.3
2018-07-30,31.7
2018-07-31,32.6
2018-08-01,33.6
2018-08-02,33.7
2018-08-03,33.1
2018-08-04,31.1
2018-08-05,30
2018-08-06,30.5
2018-08-07,30.5
2018-08-08,31
2018-08-09,28.8
2018-08-10,30.7
2018-08-11,31
2018-08-12,30.6
2018-08-13,30.5
2018-08-14,31.7
2018-08-15,31.7
2018-08-16,29.9
2018-08-17,27.2
2018-08-18,26.7
2018-08-19,28.2
2018-08-20,29.1
2018-08-21,26.6
2018-08-22,30.7
2018-08-23,29.4
2018-08-24,24.4
2018-08-25,25.2
2018-08-26,23.2
2018-08-27,22.7
2018-08-28,23.7
2018-08-29,25.2
2018-08-30,25.3
2018-08-31,25.6
2018-09-01,25.5
2018-09-02,25.1
2018-09-03,23.3
2018-09-04,23.2
2018-09-05,24
2018-09-06,24.1
2018-09-07,22
2018-09-08,21.7
2018-09-09,22.2
2018-09-10,22.9
2018-09-11,21.6
2018-09-12,22.8
2018-09-13,23.5
2018-09-14,23.5
2018-09-15,23.3
2018-09-16,22.2
2018-09-17,22.3
2018-09-18,22
2018-09-19,22.1
2018-09-20,19
2018-09-21,19.4
2018-09-22,20.8
2018-09-23,19.4
2018-09-24,17.6
2018-09-25,17.8
2018-09-26,19.4
2018-09-27,18.9
2018-09-28,17.5
2018-09-29,20.2
2018-09-30,17.6
2019-05-01,16.4
2019-05-02,17.1
2019-05-03,17.9
2019-05-04,19.5
2019-05-05,19.2
2019-05-06,14.5
2019-05-07,15
2019-05-08,15.6
2019-05-09,16.6
2019-05-10,17.8
2019-05-11,20.3
2019-05-12,21.6
2019-05-13,18.7
2019-05-14,19.6
2019-05-15,20.7
2019-05-16,23.5
2019-05-17,23.6
2019-05-18,22.8
2019-05-19,19.4
2019-05-20,16.4
2019-05-21,17.2
2019-05-22,19.5
2019-05-23,22.1
2019-05-24,24.2
2019-05-25,23.4
2019-05-26,24.5
2019-05-27,17.8
2019-05-28,18.1
2019-05-29,20.3
2019-05-30,19.6
2019-05-31,19.1
2019-06-01,18.9
2019-06-02,21.1
2019-06-03,23.1
2019-06-04,22.6
2019-06-05,23
2019-06-06,21.2
2019-06-07,20
2019-06-08,21.9
2019-06-09,21.6
2019-06-10,18.4
2019-06-11,20.5
2019-06-12,21.5
2019-06-13,23
2019-06-14,23
2019-06-15,21.9
2019-06-16,22
2019-06-17,21.7
2019-06-18,20.8
2019-06-19,21.4
2019-06-20,22.7
2019-06-21,22.1
2019-06-22,24.2
2019-06-23,25
2019-06-24,25.2
2019-06-25,25.6
2019-06-26,25.5
2019-06-27,25.5
2019-06-28,24.7
2019-06-29,23.1
2019-06-30,23.9
2019-07-01,23.9
2019-07-02,24.4
2019-07-03,24.1
2019-07-04,25.4
2019-07-05,27.6
2019-07-06,29.7
2019-07-07,26.7
2019-07-08,25.1
2019-07-09,25
2019-07-10,22.7
2019-07-11,21.9
2019-07-12,23.6
2019-07-13,24.9
2019-07-14,25.9
2019-07-15,23.8
2019-07-16,24.7
2019-07-17,25.6
2019-07-18,26.9
2019-07-19,28.6
2019-07-20,28
2019-07-21,25.1
2019-07-22,26.7
2019-07-23,28.1
2019-07-24,26.5
2019-07-25,26.3
2019-07-26,25.1
2019-07-27,28.4
2019-07-28,26.1
2019-07-29,27.5
2019-07-30,28.1
2019-07-31,25.8
2019-08-01,26.3
2019-08-02,28.4
2019-08-03,29.4
2019-08-04,28.3
2019-08-05,30.5
2019-08-06,31.6
2019-08-07,26.9
2019-08-08,28.9
2019-08-09,29.8
2019-08-10,31.5
2019-08-11,30.4
2019-08-12,26.6
2019-08-13,29.2
2019-08-14,30.4
2019-08-15,25.9
2019-08-16,25.9
2019-08-17,25.9
2019-08-18,25.6
2019-08-19,26.3
2019-08-20,28.2
2019-08-21,27
2019-08-22,26.9
2019-08-23,26.2
2019-08-24,24.1
2019-08-25,25
2019-08-26,26.4
2019-08-27,25.7
2019-08-28,26.1
2019-08-29,23.4
2019-08-30,22.6
2019-08-31,23.5
2019-09-01,23.7
2019-09-02,24.4
2019-09-03,24.1
2019-09-04,22.8
2019-09-05,23
2019-09-06,25.3
2019-09-07,25.7
2019-09-08,24.7
2019-09-09,25.1
2019-09-10,23.8
2019-09-11,24.3
2019-09-12,21
2019-09-13,23.3
2019-09-14,22.4
2019-09-15,24.2
2019-09-16,24.5
2019-09-17,23.5
2019-09-18,21
2019-09-19,19.5
2019-09-20,19.6
2019-09-21,19.6
2019-09-22,18.6
2019-09-23,20
2019-09-24,19.8
2019-09-25,20.9
2019-09-26,22.9
2019-09-27,22.9
2019-09-28,23.7
2019-09-29,22.6
2019-09-30,22.4
2020-05-01,20.2
2020-05-02,20.3
2020-05-03,21.8
2020-05-04,20.2
2020-05-05,16
2020-05-06,19.4
2020-05-07,20.7
2020-05-08,19.9
2020-05-09,14.2
2020-05-10,14.4
2020-05-11,16.5
2020-05-12,14.3
2020-05-13,16.1
2020-05-14,19.3
2020-05-15,16.1
2020-05-16,16.7
2020-05-17,19.1
2020-05-18,19.1
2020-05-19,13
2020-05-20,14.4
2020-05-21,17.4
2020-05-22,18.5
2020-05-23,20.1
2020-05-24,17.1
2020-05-25,16.6
2020-05-26,16.2
2020-05-27,17.4
2020-05-28,18.7
2020-05-29,20.7
2020-05-30,22.6
2020-05-31,21.2
2020-06-01,19.7
2020-06-02,17.9
2020-06-03,22
2020-06-04,21.9
2020-06-05,23
2020-06-06,24.6
2020-06-07,22.7
2020-06-08,25
2020-06-09,26.7
2020-06-10,25.8
2020-06-11,26.1
2020-06-12,24.7
2020-06-13,26.9
2020-06-14,24
2020-06-15,23
2020-06-16,24.4
2020-06-17,24.3
2020-06-18,23.4
2020-06-19,24.7
2020-06-20,24.9
2020-06-21,26.1
2020-06-22,28.6
2020-06-23,27.3
2020-06-24,22.3
2020-06-25,21.6
2020-06-26,21.8
2020-06-27,24.1
2020-06-28,25.2
2020-06-29,23.8
2020-06-30,20.1
2020-07-01,21.1
2020-07-02,24.2
2020-07-03,25.5
2020-07-04,24.2
2020-07-05,23.8
2020-07-06,25.6
2020-07-07,24.1
2020-07-08,25.5
2020-07-09,27.5
2020-07-10,24.5
2020-07-11,25.8
2020-07-12,23.5
2020-07-13,18.7
2020-07-14,20.3
2020-07-15,23.4
2020-07-16,25
2020-07-17,26
2020-07-18,26.1
2020-07-19,24
2020-07-20,23.8
2020-07-21,25
2020-07-22,23.7
2020-07-23,21.1
2020-07-24,22.5
2020-07-25,24.3
2020-07-26,25.4
2020-07-27,24.3
2020-07-28,24.4
2020-07-29,23.7
2020-07-30,25.3
2020-07-31,26.2
2020-08-01,25.3
2020-08-02,24.9
2020-08-03,25
2020-08-04,27
2020-08-05,26.5
2020-08-06,24.1
2020-08-07,24.3
2020-08-08,24.2
2020-08-09,24.9
2020-08-10,26.5
2020-08-11,24.6
2020-08-12,27.2
2020-08-13,28
2020-08-14,27.1
2020-08-15,26.1
2020-08-16,27.4
2020-08-17,28.2
2020-08-18,27.5
2020-08-19,27.1
2020-08-20,27.7
2020-08-21,26.6
2020-08-22,24.3
2020-08-23,25.3
2020-08-24,27.8
2020-08-25,29.9
2020-08-26,30.2
2020-08-27,27.1
2020-08-28,27.3
2020-08-29,26.8
2020-08-30,26.8
2020-08-31,26.4
2020-09-01,26.6
2020-09-02,24.3
2020-09-03,22.7
2020-09-04,23.3
2020-09-05,23.3
2020-09-06,21.7
2020-09-07,19.2
2020-09-08,23.4
2020-09-09,21.1
2020-09-10,22.8
2020-09-11,22.4
2020-09-12,20.2
2020-09-13,21.5
2020-09-14,21.3
2020-09-15,23
2020-09-16,22.5
2020-09-17,21.3
2020-09-18,21.5
2020-09-19,21.2
2020-09-20,19.7
2020-09-21,19.1
2020-09-22,20.2
2020-09-23,19.2
2020-09-24,20.6
2020-09-25,20.1
2020-09-26,19.3
2020-09-27,20.4
2020-09-28,20.7
2020-09-29,19.6
2020-09-30,19.6
